Id,Predicted
1,587.8466382679876
2,-9.11923537081493
3,-7370.254507025538
4,345.9663462610145
5,-22.240041446374494
6,-131.06911701336261
7,66.84149103329729
8,-89.52946708432114
9,-1939.5945107000464
10,28.67825256742557
11,-81.35335907395863
12,88.76840702254887
13,-2868.74619245082
14,235.3158891997842
15,-6734.588520534601
16,70.63249903014382
17,-1513.9009011677856
18,701.9431384322883
19,-2981.926041933868
20,-9373.089037381787
21,-2699.8418013110886
22,-7317.16246609311
23,1407.9567892834145
24,618.2063301990999
25,142.21040813275118
26,-59.12469804585785
27,1315.1513643016979
28,165.8069383314125
29,-3054.0025439585047
30,944.9614718497352
31,-25545.71349767996
32,723.3134941234824
33,657.7224492153292
34,248.95318992681254
35,193.71702332341846
36,558.9378393121929
37,35.13423304109593
38,1711.2830486154485
39,809.5084264861817
40,-2202.868105133844
41,312.6733093789641
42,-7838.980540751269
43,162.918152051144
44,-2329.8227602227134
45,426.45129416627645
46,-6607.899453948213
47,1829.582966003988
48,-7470.4499902089165
49,38.240089871921136
50,-5699.626103021841
51,869.472919009218
52,465.7319350024375
53,326.079954659427
54,82.57554191775269
55,776.2727953294694
56,-10555.331772748505
57,-455.38105046264184
58,1234.2830895834843
59,855.1306781192147
60,1678.4133529053988
61,-9518.262604117035
62,1802.2606921446775
63,859.1722257866263
64,-2299.4646893899044
65,-2004.6834044472662
66,-12.374518894390702
67,649.9643630225986
68,167.84103388668433
69,759.014968766223
70,-29843.24511970404
71,-7994.997603225922
72,979.6455883085042
73,291.6946519656134
74,567.9918413238015
75,1139.8520670472665
76,-74.65529729235702
77,845.0333851546566
78,-166.36168598139423
79,287.27467848071495
80,920.4431860800978
81,243.7584306401568
82,789.7996329079531
83,542.3623907492957
84,738.1319813612763
85,853.3882146248015
86,-25712.74449707433
87,108.64782958724193
88,199.06978261514945
89,-176.6700577263453
90,513.6184872245832
91,-1129.133130333321
92,-26625.570731946435
93,355.40478623990424
94,-7087.708702726737
95,924.6247174711675
96,295.853166513111
97,-1713.955018952618
98,68.84866700754499
99,98.75703902766092
100,-13300.201604876049
101,540.1381842004445
102,-685.1758489315426
103,1136.8857034044
104,638.4646745579774
105,153.33533857936794
106,65.45120666450353
107,-11058.513602260136
108,799.9536717572282
109,450.06261156456833
110,-1803.199560538872
111,287.21512437884365
112,866.4451079409325
113,73.33464938485001
114,-93.60617967769686
115,237.09657183303275
116,739.7625579023746
117,369.62941825741876
118,1184.7929524284486
119,-4438.053783391603
120,371.4279241086703
121,-6735.452225862834
122,-21852.06865593657
123,144.03984403468104
124,-10858.733689033052
125,88.04939659792328
126,200.50078447372726
127,-1511.1075828375206
128,-9724.164888113008
129,-2878.981615971578
130,924.3184063429484
131,-13358.949412401387
132,-115.38012620571905
133,-2541.3855041871366
134,-145.7914495115403
135,-1616.0617545559157
136,-9207.6987908815845
137,88.38673888191005
138,1098.187435216353
139,-9147.258333546362
140,208.75364424548815
141,802.3368534074974
142,-2346.148549582941
143,76.7381301110011
144,-4469.73008683136
145,1007.8467848298804
146,1231.6905960217332
147,-7128.059770325587
148,-2623.1225591486223
149,156.5124204414659
150,-19833.33061415424
151,-858.8740024150659
152,-106.03789372800199
153,-55.8529685298978
154,-2397.834200329873
155,-6.605213732352867
156,1407.5616622318385
157,-15373.920065954018
158,-14.007836087890924
159,121.19846384502621
160,790.3552526411657
161,-3589.27704290567
162,-7469.07498121312
163,331.3981677929788
164,227.54075266385595
165,-12267.776242762458
166,486.4986905794598
167,565.6041918008567
168,-2228.7829810374215
169,532.640525631186
170,947.5910378915298
171,-99.50625308680296
172,295.60465285298085
173,-4891.807935307114
174,199.8907775128776
175,-297.5081043809276
176,297.23367242089915
177,525.7205469194869
178,-5523.240873397322
179,-167.26677431476372
180,-2245.801357990134
181,-387.6795150611174
182,261.15835189529315
183,544.067365971668
184,407.6935354252319
185,420.89306235112673
186,-1072.5621587884673
187,571.6754866728481
188,843.2585733221483
189,256.30834593558296
190,64.84438015151099
191,-7496.651131369105
192,-62.7336019067112
193,-2271.706214893415
194,-14.733523729906052
195,-2422.8135794535483
196,-4957.605803894072
197,774.1577246469483
198,101.17187418433184
199,-4812.558617524922
200,-2293.7721624097367
201,922.2470562281615
202,523.7659170872623
203,-33646.03754177718
204,687.6756305500189
205,-9206.052611548843
206,2319.8707099393337
207,199.22201678968395
208,574.0439506766313
209,780.0640583414691
210,1156.5008407250564
211,-111.17261788233628
212,45.40445396491985
213,-26486.281403417444
214,-8174.4799145708585
215,1093.5828862613014
216,396.35159561762043
217,595.7386924957094
218,153.3548198865908
219,1059.0802132194221
220,355.65313776932646
221,452.6226849923796
222,-13507.118761706073
223,-28820.053684922532
224,-284.6416751470065
225,193.3293048275884
226,-59.28339030505261
227,182.95654651847582
228,-860.971910711777
229,172.70765439582172
230,1497.6793221612181
231,87.35672717493776
232,-6579.841191164902
233,494.01015071416157
234,64.34789603852494
235,-4595.592578347271
236,-9759.024081620422
237,109.84075685324527
238,-4884.732832302362
239,361.42818695971806
240,649.3156065745701
241,615.766505032699
242,-4058.2342876648886
243,-15311.716619736682
244,-1253.4266744927415
245,-129.34166275121257
246,433.5621680714135
247,132.12064412063484
248,-764.4080438253238
249,2.537876097825588
250,-2249.6867229975105
251,-760.1294052311497
252,1108.3736791995987
253,-4687.799521754855
254,-2212.0710741724097
255,204.45205787473145
256,-10750.24226286642
257,36.997720273940736
258,61.349690678935644
259,-286.19486937247484
260,465.6270297297504
261,-3957.385241212844
262,329.13048399197015
263,-15.65547919178171
264,151.31919404306473
265,-10278.55858696654
266,-8680.162931106031
267,-9986.842901948672
268,-83.8978613730719
269,649.5803543675302
270,-9145.79316108688
271,877.9906117626688
272,-4702.3182675041335
273,-48.4126520385033
274,-91.29272374485082
275,34.81252692100609
276,-5789.2484507580175
277,84.58508578745466
278,179.02001514315617
279,-96.75072082299761
280,-2457.021481629165
281,-311.04352022557197
282,-7697.2098240981095
283,1504.0710581184587
284,-6883.766254812316
285,-8065.775227756204
286,-4203.1283102993675
287,959.3141470131785
288,865.8704019788449
289,80.50112489958771
290,1044.6439154005259
291,676.3235320135673
292,67.0669475850018
293,45.36214072098296
294,146.10113467511405
295,186.3290238363531
296,1216.1846659903536
297,197.66303590559068
298,647.9562742579185
299,82.8059373798305
300,441.7803130112498
301,302.35616861640284
302,15.359146036920544
303,225.39294213637248
304,-13471.154818582307
305,947.37798821168235
306,12.081950283861557
307,-6320.702654197225
308,268.04220447143604
309,937.3627686190292
310,881.4052448087724
311,400.8698408560309
312,558.8711217042211
313,-7142.32622757464
314,57.43699718434274
315,904.3114490530564
316,-260.8183566392147
317,191.13754763775975
318,620.2634810934665
319,335.695396836311
320,120.61758090358835
321,368.027826676503
322,2533.1703586857643
323,1635.3630045270456
324,-3118.9564401493426
325,-2339.1649584551437
326,126.74465856344295
327,364.81347393792436
328,-2315.2505813244347
329,-110.48126599750762
330,-19750.829664888002
331,-11188.136186338708
332,-109.04422026107869
333,385.63006184217085
334,665.7079605624631
335,285.7145815524602
336,-7599.954939032134
337,114.33719946647616
338,157.5787911305995
339,-10373.060783108094
340,148.62506816894617
341,-6227.903085197116
342,-1796.393639850104
343,-713.1962616074279
344,232.33907625481913
345,527.8740607914833
346,-7358.577085947442
347,173.9912305822328
348,107.21059693444641
349,-7218.067932046601
350,890.0948433032642
351,998.7010050253144
352,127.26927979477975
353,576.4689200938213
354,38.03935245000013
355,-1624.4570636719814
356,-2978.1589760905513
357,565.1611906236872
358,108.30709313382022
359,-141.42516584652554
360,42.77955908220621
361,-1744.3711754457167
362,130.71999930450187
363,310.49738048316334
364,478.09987802385905
365,-2282.8845917244475
366,-9737.577741160467
367,1145.9145463807733
368,-7711.836951929081
369,131.92507368353063
370,854.4624977227504
371,362.6694158374044
372,45.14102187026722
373,160.46239654609553
374,-6013.315083112402
375,68.3421699676369
376,191.54675986513243
377,-50.35666867848987
378,-3923.8558390077364
379,-5473.203136307808
380,75.79259931530284
381,174.71258864975795
382,887.1725440524363
383,-2474.369159587848
384,-80.73683389091714
385,134.64455498513777
386,-6946.606252141732
387,-4394.765830925318
388,717.0159612091961
389,-36.495818634622324
390,117.99288237289993
391,297.6998415103776
392,-4123.114411679439
393,292.3162309563768
394,-14804.935653202103
395,-7195.2261158479
396,867.0391195435309
397,-901.8758906121569
398,196.8437145073541
399,-4320.139143056031
400,-1029.179618449221
401,94.1329747990525
402,914.825656675653
403,134.36072987102256
404,238.04522548294446
405,538.4699953774701
406,377.75928991204233
407,897.2734311359762
408,-41.44771554158475
409,260.04483718168797
410,318.6796699768252
411,-71.38578447026865
412,102.90326922009524
413,106.54827421423511
414,-8178.998995596642
415,-57.0407376757874
416,188.44302339136573
417,-466.92089260055417
418,-24.411231293229417
419,836.655267518311
420,-96.48617373460118
421,63.68507871674683
422,42.41338579546467
423,-6431.73420522499
424,171.0501524170051
425,486.83333587051703
426,732.9405787423824
427,-161.98500193460862
428,35.44647697154542
429,949.6885521614836
430,669.8145530010478
431,1121.0875429398545
432,199.99611769073812
433,171.75342859212947
434,340.18964758173007
435,-3361.295524120741
436,-10109.8003760664
437,267.80004845980073
438,-131.51964813840496
439,-19143.011415370995
440,-1008.6713893524774
441,185.4819293877831
442,72.76347919495224
443,762.8212716316139
444,163.77846873095646
445,-7048.786116837951
446,12.74463486737613
447,795.4498499479287
448,1136.051915649942
449,269.90812015562176
450,386.8877876453018
451,-4104.03940301668
452,122.39356090778689
453,-1556.9910492526496
454,59.56049825345843
455,-89.55805516589173
456,-2455.267281788552
457,10.083020720489044
458,88.22375836892022
459,127.11408381423337
460,-3975.2966623422303
461,215.4233735431373
462,160.03357418382132
463,-4786.83480661684
464,-9377.018341705892
465,-306.1222913524392
466,249.8797824417321
467,575.8386190375847
468,889.739860018515
469,-10939.626214802074
470,314.5159743377578
471,70.22261800689637
472,1048.310335146842
473,-8646.364265113645
474,1033.0187007181707
475,-1613.6952605433162
476,301.0560637281269
477,55.05370819049783
478,-32.94971071126766
479,586.04426600515
480,42.12834749538434
481,199.21804391392283
482,-12433.715213241429
483,627.3756539875965
484,716.932946291224
485,-6703.994075415234
486,-299.3049171165686
487,131.97702042488007
488,540.7898737365286
489,237.4011751075394
490,-270.7037264405552
491,305.55836523026835
492,-913.2561130403079
493,-9402.01830107536
494,-8294.227260133059
495,-13472.69409916909
496,-2678.323863212694
497,-73.2395033324236
498,141.59997740418962
499,-76.90965069333926
500,415.28614976398944
501,-14025.543809732842
502,-7447.842753233195
503,114.94982038998742
504,-1939.1437340333086
505,58.17610141063209
506,-7514.998236532192
507,454.98255081348583
508,-657.0391340514394
509,87.86609395949749
510,1015.0438191438262
511,-689.381135201636
512,-13343.955005171336
513,694.4704304407043
514,48.58379641970481
515,-72.7001797175747
516,-32.97850546778686
517,592.3124636804586
518,78.18603674166368
519,456.16358540075396
520,857.7229670282974
521,216.56316521045778
522,21.03709666627582
523,508.16489635443673
524,-5303.0658544595335
525,587.6416115118978
526,-1820.8929718492143
527,213.5222742964132
528,626.8260136738264
529,149.23772214085994
530,321.69743331143076
531,-68.15876503800213
532,-3676.575482653714
533,150.15165394688884
534,160.95905084730504
535,755.6826062415415
536,-1363.421850042684
537,139.90014923360533
538,-34475.248373163784
539,-4638.955471312294
540,217.43194836373357
541,-6715.863505596597
542,-1373.4225746634029
543,129.4438769720338
544,7.739433208052536
545,980.2621678746564
546,58.23645365659075
547,-3276.619348127347
548,316.87348622872355
549,-1021.4258237934403
550,107.33410291079196
551,891.7406820469447
552,878.6488395041044
553,206.41851882118368
554,106.54127973287882
555,55.60873894172029
556,-3802.3007001282954
557,138.3526102207639
558,459.0159330057735
559,49.63252465020985
560,122.42257482218615
561,-128.45272102902294
562,-2252.269638868916
563,-185.98456260256305
564,-4795.488354470875
565,-14860.112027554102
566,-6737.262026460439
567,202.05697002078324
568,1023.7102081442789
569,364.395110194538
570,357.0131942406825
571,-5305.152605115241
572,977.5412363810564
573,-12604.050836042537
574,0.8406932503332771
575,-92.59789093580075
576,1251.5873307647717
577,83.82143212654005
578,-18160.953682379535
579,165.72644636031123
580,158.89937958847858
581,659.6646684273185
582,-3905.4615050515245
583,473.4309974420727
584,-9238.413227230845
585,-5649.084032702326
586,-4533.788817875063
587,208.65081794678298
588,1733.251845551302
589,85.41014642163563
590,467.7619895451682
591,-14736.552557723
592,96.76514813425851
593,764.5871094735357
594,-5122.742286235884
595,-44.629836408398255
596,-5164.218143787486
597,-243.38790376129367
598,458.1886920299867
599,-446.3076173454211
600,-10920.982547827347
601,946.9449923501528
602,459.3092096844871
603,199.3731119409291
604,75.36567065855618
605,133.725106308946
606,151.6166622581447
607,186.25944164691708
608,291.1879301054822
609,290.3594253162069
610,136.78617247225714
611,-132.3380515476625
612,259.5294996848321
613,-1400.754184630416
614,1204.3935538798642
615,67.13157602171586
616,-6291.285397521065
617,117.66422269373429
618,-6510.479755796656
619,-18112.154611504313
620,-2822.772002246464
621,499.5240224931526
622,-479.97330610300537
623,516.0113449042973
624,1361.5052230078916
625,182.9181710741639
626,-430.0117290689759
627,-820.8551619678113
628,185.3763744226103
629,-7225.957272449635
630,-5351.000251549408
631,218.1302086612111
632,463.46280847582096
633,-58.84811773546909
634,23.483557416234927
635,15.537838726755796
636,-10191.14986372935
637,516.6880582754002
638,-9487.390900954664
639,-371.1169866718669
640,531.6587712557778
641,-22759.32001471339
642,-15564.701635593032
643,-30.53898342604972
644,60.364521620490926
645,472.7947381814456
646,299.0775367384473
647,-173.66190537870273
648,240.14961500560483
649,602.1176709262044
650,268.6637307539754
651,3.6603058468722582
652,43.62754407435626
653,506.6200330195501
654,-6513.576425638346
655,-14068.009825815749
656,-30831.779837314956
657,1579.7039769940773
658,1130.5082200889995
659,928.9809642252061
660,768.7049004057002
661,124.26713913358567
662,-105.52676381212694
663,-1933.65991929436
664,1270.2285677739346
665,-10075.868977101069
666,-405.31747514956214
667,349.10704843015185
668,445.49538703822157
669,-5001.1727331390575
670,-8288.447939167794
671,-10305.98103118027
672,93.19424910075634
673,473.2819479600727
674,-3618.752429303848
675,303.00144323972836
676,275.9886932306439
677,624.9324016226452
678,-7008.12652395756
679,984.0665759323995
680,248.05406941168977
681,843.9382327254389
682,346.47027810841314
683,3.9685002613576823
684,-9320.465949507623
685,-7401.098482873307
686,926.8138910735868
687,16.456237610371847
688,93.14871523101047
689,-112.27294658925243
690,1274.522406407874
691,54.35960878807908
692,-875.9648929605677
693,-29151.027441303737
694,-20778.442517525844
695,-15474.74538645893
696,-375.27068810456774
697,837.0298936849379
698,149.40483871809448
699,44.86638870889248
700,20.751465508385106
701,36.82423634557843
702,-175.60208434634814
703,154.11500633167626
704,389.41962429189016
705,499.7162691562104
706,-2761.779184463644
707,-3460.746643050176
708,148.1591978452602
709,249.67036944513623
710,-18646.66911535772
711,361.9366690415284
712,-18139.84617859165
713,584.4316134546709
714,229.3004423051158
715,915.142913760024
716,84.92377443611713
717,936.5984855285978
718,500.3515399808916
719,-4788.84942618784
720,942.5166242304028
721,2169.7218467272664
722,150.55525369637016
723,1062.5626711344173
724,1322.4411190522244
725,215.97256958440025
726,-10895.327992311
727,508.51669284849424
728,385.5318448045506
729,214.44422060335773
730,-195.3221980243474
731,61.81634645568971
732,242.94654175066003
733,638.046698313735
734,-373.8580458345452
735,384.45727680644785
736,-14288.956891601914
737,726.6251595343845
738,1233.270012846736
739,639.4649404391947
740,364.5176378305947
741,-55.35226000504357
742,200.07644935698647
743,-15128.480767107321
744,137.5630624415858
745,454.1944600431783
746,157.24720523479613
747,-7366.5143977416255
748,627.8810876993549
749,-65.67619117604363
750,-7.79391800110259
751,1267.6718383480975
752,-6496.340763282032
753,-2842.8131914448986
754,305.40325788820155
755,1059.7437117238806
756,1036.325211731391
757,-319.54878482890825
758,1113.195470729571
759,144.00342351040956
760,277.3874382122028
761,124.7514517516648
762,-18.902828163351128
763,128.48964674519138
764,288.8050188062213
765,555.1059995587614
766,272.0235049522574
767,1219.090331417213
768,603.3532071187406
769,-9497.790908504583
770,-283.7826711566378
771,538.5832307459525
772,-11510.08295618275
773,-493.43274064184857
774,-2330.9092911836583
775,-9124.05468691337
776,1025.5062166055432
777,-5129.143298295812
778,826.08200375358
779,71.88841779840286
780,338.9557794446654
781,285.35067118606327
782,192.59845496689132
783,858.625849999771
784,1030.5861879427864
785,-221.43530486562662
786,82.84053596827954
787,62.409714073293856
788,-90.6653889616644
789,89.15990331318523
790,881.7204740112415
791,-16222.656785953315
792,564.4168110379768
793,579.8942825102937
794,649.7126195099992
795,1151.5059034680387
796,-11038.200325456877
797,-7218.0125323828825
798,232.92394289704893
799,29.21251290086704
800,957.3402031568625
801,-8466.082947268922
802,707.9193915108318
803,-1658.2616753703112
804,602.0062257538093
805,541.3999926650956
806,-18858.754495931025
807,394.72573768646134
808,368.95254396339874
809,1206.6721230992525
810,1838.4221558977629
811,-10082.072906713449
812,30.087885543440937
813,500.7559937937072
814,-19416.38559605529
815,-1294.3337431048071
816,-3791.30964316593
817,274.3299994287467
818,279.2394251370357
819,-19132.202724718467
820,61.40019768588974
821,728.9764772946295
822,-19892.488804746252
823,-11.972480683216714
824,-125.54513500182696
825,1126.151677789338
826,-33568.92820936778
827,1232.12203416935
828,-205.62298087080492
829,1011.5235865083198
830,42.75438464616155
831,-4140.545763223275
832,119.94986371985554
833,408.67197691651427
834,88.101373140612
835,192.4551434549216
836,88.5899462205719
837,-329.84136013026
838,122.97921118118869
839,-13747.757511285752
840,-6.109263376165167
841,-65.40052849968568
842,1553.7250087227094
843,1130.696838921895
844,-20.110304806542327
845,378.99150372292576
846,-2403.7869241693043
847,194.3885480202129
848,-3.6425435696291513
849,148.635124235369
850,-38.839004242558154
851,174.83711585750746
852,584.6157039807905
853,372.12906237614214
854,74.34340161454627
855,-19958.004704342537
856,-2682.5202092291797
857,-3558.4158369219144
858,-11758.662580802
859,122.53680950848353
860,-6726.955135080308
861,432.12260704810217
862,188.39102286779666
863,1526.263102269197
864,141.30045414352568
865,-40.48253999300202
866,-7785.262114577744
867,122.71043318830901
868,517.4917215514638
869,95.120876118453225
870,-717.0369494220782
871,82.50167029312406
872,70.33246740761778
873,166.13086624504277
874,103.09864319475832
875,117.88608457118148
876,72.65687655930283
877,-55.04977911431076
878,1204.9636812537383
879,-132.5383786249094
880,188.70065363537918
881,130.19088860042285
882,950.2556687767297
883,-5285.140218640638
884,-8697.03440795465
885,-5546.6980093246675
886,-239.06237349846242
887,-12595.864110190198
888,-1353.2721476869756
889,-742.126727447308
890,1134.8327387455158
891,108.53983969878766
892,-8680.774795181378
893,826.4837350463002
894,-7353.258882597594
895,1364.071882196434
896,152.91258407103163
897,1079.6509180146577
898,-4091.0091417643957
899,287.7331960076033
900,-4872.335017385149
901,-3703.1245822501105
902,1148.4293564873153
903,147.02557995869643
904,862.4676157229196
905,967.064884510632
906,1435.59473106358
907,661.0966064452992
908,-2300.272164396103
909,-5.99622146695015
910,-7.171740674704223
911,356.1824468875142
912,-7547.767723552743
913,340.3899665716754
914,701.5310650431596
915,389.638278795561
916,-3035.104959329378
917,-4.800208945992905
918,1416.807076147025
919,66.99675584013048
920,-16889.185127376946
921,-216.34087728772093
922,336.87580438526055
923,-7727.540034939797
924,-111.44500281044036
925,257.56209078125977
926,176.8065455359906
927,-607.1961334097999
928,-6929.7833389833395
929,125.5133452530925
930,-3500.615449266038
931,-19082.5738130364
932,-123.40003663649517
933,108.39896831819505
934,-25695.838735268873
935,-6350.510769881676
936,-3999.2708556667176
937,-5905.044152714256
938,50.917301356625465
939,75.80735310769168
940,-8584.661787259512
941,68.84080455807197
942,-10700.32090974688
943,-6544.824307162678
944,386.7652481815936
945,623.194258185667
946,-12.165197141114747
947,-4166.0003626316075
948,602.4300631208079
949,-16189.674072269989
950,30.442440285110305
951,240.81287887326536
952,535.8273367119253
953,389.14277741202847
954,-18084.729503387414
955,213.5560130897661
956,644.573214164569
957,-109.29582194497638
958,45.338141552334996
959,1283.2952353369499
960,370.5964111881244
961,2226.2577605194433
962,8.452486029266352
963,237.5084365352205
964,-12.118893178339361
965,31.988427307071213
966,542.3663280726867
967,-1757.177057898135
968,699.381906110138
969,-17108.721294091083
970,58.37629385937242
971,504.9266061664201
972,1157.8050593507992
973,111.03961606011015
974,362.7902519052399
975,-3426.705731391068
976,265.711736879619
977,20.298540106183726
978,291.24043319183903
979,-20376.80250816318
980,-4757.340527512279
981,239.2461245069687
982,-5200.251979874443
983,775.613522436808
984,175.31481126520578
985,434.43778098551275
986,701.4851966766001
987,-12482.930479142153
988,-3889.8322602116664
989,-47.84759466496678
990,124.60280051869907
991,552.0196036768101
992,-17895.948026021746
993,1284.5725901774856
994,-11.489457651931984
995,341.58006070748365
996,179.3228441866998
997,107.02610297272813
998,124.27528611059056
999,-35.756498492342864
1000,75.09163918617871
1001,742.4052804720613
1002,-5553.052743059289
1003,151.61106128167955
1004,150.0528128435747
1005,61.73412097075253
1006,846.3111570477143
1007,69.63768212602686
1008,-3427.1764136958577
1009,292.3546300871205
1010,491.9488309993089
1011,201.3344007963459
1012,315.0290309610595
1013,188.52015683678098
1014,-6011.6818908537125
1015,-22.8422852426428
1016,97.40457496151059
1017,-59.481180391983685
1018,-338.417346910363
1019,120.15247840812334
1020,377.3877843807706
1021,423.8111422827742
1022,348.6793132082581
1023,526.0698931766423
1024,200.5092650232584
1025,700.6118690503826
1026,355.44931218478723
1027,236.29531807941308
1028,736.4373997445966
1029,-1801.5522398916332
1030,174.30805589404224
1031,702.0314558388338
1032,189.65828561884845
1033,-20982.896582656722
1034,523.806327184548
1035,-55.40618450665839
1036,1062.9344142864911
1037,490.1390949344375
1038,88.79398794728121
1039,-13164.110264408437
1040,807.6178542703252
1041,-17514.762598017558
1042,1204.3727882100166
1043,912.320746372624
1044,-15965.290015422313
1045,-80.11056145621454
1046,307.64666974059367
1047,-7635.454434058668
1048,152.61647976187618
1049,-101.53171479587373
1050,265.8026115495309
1051,-682.5266691441967
1052,-9420.95736178797
1053,300.8937142433729
1054,-16.43400735683981
1055,344.708272342879
1056,-14.119240080871238
1057,214.87998373272575
1058,-1866.3136566825915
1059,61.689801921647415
1060,117.67437420752667
1061,207.79617052553525
1062,-723.1827623033761
1063,-2680.4535661307027
1064,265.38369545882136
1065,254.718420034696
1066,-5.126728691090854
1067,-4405.0801787718165
1068,85.67612211197036
1069,24.210253435973012
1070,538.1724932982529
1071,208.38040818288854
1072,-0.5492284720748803
1073,-76.24090437154973
1074,-5565.774605737401
1075,884.511312511868
1076,-18.176573784760418
1077,-10752.24572820648
1078,-16.858484561003248
1079,392.3009586058732
1080,-1917.3017158038679
1081,545.8652092157405
1082,425.5093910377211
1083,-86.48860975920003
1084,813.4587599548705
1085,20.00601521933807
1086,-10737.636426729152
1087,129.56299885412972
1088,199.57462087495173
1089,600.0448184165938
1090,-3257.055718545995
1091,333.73400085512657
1092,-1218.4649681540668
1093,1816.1122362882513
1094,-900.0717091991044
1095,413.9347277781372
1096,388.52050737887294
1097,161.9940425599335
1098,-1125.3128845719025
1099,271.8384039070004
1100,134.56585782443662
1101,79.36218463928563
1102,161.79994212612183
1103,-15793.307423287439
1104,202.1072707633544
1105,10.828174620893028
1106,-12988.620207601938
1107,-3329.817410385101
1108,-89.54540889324512
1109,492.29219629844044
1110,241.0721068363507
1111,303.25016322106904
1112,-7202.773129635498
1113,-9112.419801354463
1114,-4152.491345834844
1115,101.9285433676983
1116,160.59315484635917
1117,193.33174760162024
1118,283.607031918006
1119,-1468.6769116952876
1120,1519.4164197022558
1121,-17821.43255227116
1122,270.13630481146697
1123,224.3617999781591
1124,-6002.463992623495
1125,-2709.303702930071
1126,-82.08523965948159
1127,-120.98600718670187
1128,-6962.329380748867
1129,210.27573157798378
1130,174.9067142035425
1131,314.8873853189683
1132,825.8573221167707
1133,271.5060449920342
1134,210.8652724068201
1135,257.36290394702843
1136,20.722957649038978
1137,201.7077006323692
1138,-11370.604977036452
1139,-5735.89235620268
1140,-6213.352197694143
1141,284.72534921463284
1142,-3692.490824737583
1143,375.60273571565517
1144,692.8583581857628
1145,487.3871604483353
1146,869.9004205422412
1147,-103.01028464179171
1148,1015.3854002545781
1149,229.3573012075844
1150,51.83508877925857
1151,-991.8088783511424
1152,191.63567642627015
1153,329.5524809921559
1154,168.02318584629262
1155,-3704.3374751436795
1156,211.15847744475928
1157,-735.4714656465713
1158,746.3711484353373
1159,138.99107252326127
1160,451.7627174820076
1161,-10546.44453847317
1162,-3662.7773546368576
1163,243.0207687863957
1164,684.6006605373223
1165,633.8656878755484
1166,-2215.1737114661146
1167,525.112125186831
1168,-35.64754894972062
1169,-4811.858835160848
1170,18.17657711424152
1171,606.1608186974868
1172,-5556.9096954780125
1173,461.8158512018203
1174,-243.6818093124596
1175,43.791970814304754
1176,410.28814865657085
1177,-22392.233404185266
1178,-6054.804981745079
1179,-15608.380456547196
1180,-3617.240977386658
1181,-1860.1546418813587
1182,126.52469116088142
1183,-3360.180728826144
1184,415.74352475006793
1185,-4846.805980629054
1186,2708.9193947459485
1187,380.30798359720814
1188,-10713.407450931603
1189,-0.8109238012493525
1190,86.34315953980173
1191,-6731.055489403514
1192,173.2367344247373
1193,259.2544938701997
1194,1214.7804353220051
1195,98.76180022146904
1196,-4474.53003595104
1197,416.6376877056443
1198,355.7210635108886
1199,-2951.348314505266
1200,-1686.0766027321574
1201,1013.0136802892858
1202,-559.4259698159542
1203,248.9920478048954
1204,-5554.004910183775
1205,147.52558542864338
1206,-943.7409713032887
1207,424.95678582648736
1208,215.22633727205078
1209,1238.5936905112837
1210,967.7504135033552
1211,-3469.629647398127
1212,-24.00488588854817
1213,939.0569483696678
1214,432.6343518614744
1215,-993.2789791338688
1216,-14811.988107474202
1217,-2814.4471119924015
1218,-1456.5040191519454
1219,659.3254836598257
1220,761.0065034068424
1221,632.338854387118
1222,-1181.186909888823
1223,-1113.032504097101
1224,-3508.325218175317
1225,42.087526627765435
1226,-10229.279917425136
1227,819.8566780406474
1228,-16637.898254389904
1229,-2644.4515597761674
1230,-579.421316718818
1231,715.6345021737288
1232,119.26571939324633
1233,210.0999637121779
1234,-3347.884685428725
1235,140.48302867640808
1236,478.85356992623963
1237,146.32279241021354
1238,321.9188458779384
1239,487.0400500100688
1240,-1143.6664382852534
1241,576.4142948906454
1242,836.8809976164675
1243,75.00037470704066
1244,-97.91504214265007
1245,-168.76984410821177
1246,98.42079926924724
1247,1022.3174712884883
1248,7.804756171507178
1249,-12.086594777903157
1250,-2827.945608895628
1251,-14606.898133865358
1252,75.56735701732968
1253,709.2712174293536
1254,411.01973291975156
1255,-3160.940548923368
1256,-1287.4169725246811
1257,503.5279693565617
1258,-12396.08465035947
1259,-22426.08185411233
1260,-27639.10832892484
1261,-7547.694295615289
1262,322.9558056849467
1263,-25423.574896309554
1264,329.93344060979314
1265,-164.57971477108435
1266,-2595.956920646121
1267,914.3317041361241
1268,629.9400375090147
1269,403.363738844491
1270,-356.6034745302395
1271,-45.97376059478025
1272,984.5859000025946
1273,164.52621168397025
1274,-17078.534186004857
1275,524.8904455607161
1276,-1073.5571116842377
1277,824.5699205027674
1278,-601.8526550675339
1279,-7224.096109249227
1280,1315.5605654935118
1281,579.4982295968331
1282,-12783.255283823508
1283,30.489381035909407
1284,546.724100754663
1285,920.879803273423
1286,214.63022593986858
1287,-8207.185218308001
1288,-131.6942124609469
1289,19.99219684424224
1290,654.3804953062352
1291,-1978.2045837487883
1292,252.3862152336085
1293,114.8023700609453
1294,261.57368158020097
1295,263.32945095777234
1296,159.38517278771496
1297,174.03963708542534
1298,168.81740016827143
1299,-3832.619037999479
1300,-2562.8707422976636
1301,-4276.147896082917
1302,53.342391366852034
1303,458.5540684150724
1304,1133.4813793973278
1305,619.0380470079742
1306,321.06329538928037
1307,294.63931602004095
1308,867.0956332147791
1309,567.501678100995
1310,136.80449613841068
1311,7.947543546306382
1312,-450.56140702673065
1313,-20470.080649624182
1314,214.45365436261602
1315,-3321.90027159152
1316,588.6268110957833
1317,1138.752603053601
1318,-15766.533383041417
1319,1590.1931779647093
1320,460.6965964101934
1321,-21460.888178250138
1322,448.3314553556952
1323,404.5963269656656
1324,-90.98394321884389
1325,552.0584199634449
1326,381.4023707297932
1327,214.90063015120285
1328,-3656.8395168733823
1329,1053.866665319234
1330,223.7389984302446
1331,127.92310036834836
1332,-342.2601887185979
1333,221.60750265159493
1334,513.7937531688032
1335,310.34303215200833
1336,718.6609055185212
1337,-5855.481699025443
1338,137.2912994681612
1339,251.75899010440028
1340,310.3170337006608
1341,303.7197371414404
1342,193.89831264215832
1343,-15777.52535733128
1344,522.7378970411879
1345,-13892.283578728386
1346,196.8833931428018
1347,218.07660559619492
1348,1298.7701286674335
1349,-8653.026110602352
1350,1218.4230416401833
1351,-18.286920885503218
1352,-16002.517089009447
1353,-83.76068057841047
1354,-49.53861655354622
1355,-527.9755259500017
1356,252.34659233385136
1357,-391.139049692972
1358,-12267.16054766459
1359,1203.610496258112
1360,-13245.393003929188
1361,894.0008714641991
1362,-3062.5515786713477
1363,73.6273326077794
1364,-31.88560133766295
1365,291.05601985871556
1366,-12500.989096454197
1367,250.20331784420776
1368,197.97638078237145
1369,127.00915204508766
1370,-4546.244048457568
1371,-5945.387852895382
1372,-4739.647941420737
1373,1004.1723353261661
1374,841.0062973239603
1375,64.02619415942235
1376,667.9120201110672
1377,413.27177195303284
1378,-12190.713006120232
1379,-2702.305362098504
1380,1293.1167437637816
1381,1660.153968129581
1382,-4125.577371546256
1383,965.6733298830825
1384,683.3189264710992
1385,332.4000765766897
1386,955.7478346574645
1387,-3707.6058672997688
1388,-5805.343386549972
1389,21.8637765001919
1390,261.33419185771487
1391,-9962.611754461457
1392,365.2427455617461
1393,146.10931119977766
1394,751.3095590131662
1395,80.3981743169864
1396,132.5238929239785
1397,700.3497083049785
1398,21.579740746808337
1399,131.74301642306784
1400,-249.19175485678605
1401,-2696.7525792157567
1402,657.5440000316461
1403,-3874.6900829923393
1404,144.04996922007493
1405,431.6482190354164
1406,-593.7342825036484
1407,730.1128276252044
1408,491.71348583258646
1409,352.84755684996526
1410,-9242.30554103777
1411,182.97709082377892
1412,-57.95058093026008
1413,-2594.1469814926472
1414,992.192669567031
1415,15.68142908220823
1416,416.3290748303951
1417,-6301.42102088907
1418,201.38983186502224
1419,-2603.4501742991342
1420,669.9360552248651
1421,29.311835760165277
1422,129.04156506636542
1423,-1093.9730998386399
1424,-1800.9987215452002
1425,-1548.0410477391072
1426,389.4095923090499
1427,-3332.4287994915135
1428,1013.0369327397173
1429,-228.9675926599807
1430,-5504.19103585679
1431,695.195895139304
1432,206.6672624007241
1433,810.7414416577399
1434,82.2182288959517
1435,-11546.414990172434
1436,-20371.182345849193
1437,167.8868830136569
1438,-3618.4772072033884
1439,-4771.977658346161
1440,-262.8903730944955
1441,-10445.79738727578
1442,318.0949243183514
1443,279.26531411824675
1444,1286.7194234713493
1445,47.927866978400225
1446,819.930655786654
1447,1326.6279171399717
1448,942.1947253553581
1449,44.16864709813053
1450,276.1370592291392
1451,555.9832730271924
1452,49.21266253325239
1453,-1599.1374651238307
1454,-3370.6200168722335
1455,56.49283998578203
1456,-3080.9014787675696
1457,1338.5597458505192
1458,185.87362899552812
1459,502.0989678101923
1460,-5718.414910919719
1461,578.4620068662435
1462,236.87229829847934
1463,-170.4330567959429
1464,424.63133787856407
1465,665.928438405317
1466,285.78841102677114
1467,-5033.189391798229
1468,-4325.821003886264
1469,-2026.1656045581383
1470,1062.0869406596942
1471,-8274.492080987744
1472,254.52241739070507
1473,286.0059187964469
1474,894.356069774026
1475,176.36046450213442
1476,-3927.9440885677986
1477,-4774.17129514146
1478,664.7895321093293
1479,58.685669256127134
1480,-97.39685782867541
1481,184.55956786793791
1482,227.52630482264462
1483,-1968.191333411328
1484,332.81639907953496
1485,184.76945655325557
1486,699.3204486111215
1487,-8740.798515649756
1488,14.018244630803915
1489,-66.55965999653495
1490,-7765.436401441955
1491,740.882318704827
1492,-6270.2780414759045
1493,363.40241460373613
1494,123.45468919615341
1495,-823.842091187831
1496,-15905.89873441291
1497,-1290.5957866976564
1498,373.8620646589714
1499,-10567.534676820504
1500,-173.24753120515277
1501,-6410.778470814759
1502,65.07836830050864
1503,66.11373371758003
1504,674.8303209745322
1505,873.0137382453921
1506,-6176.34639822378
1507,720.9167627759663
1508,-1498.7274911427746
1509,-66.7152572404358
1510,-2832.437444055604
1511,280.07478793917306
1512,466.2902192252813
1513,370.1411606553171
1514,199.6799800762364
1515,795.858560820725
1516,-174.37454645977658
1517,504.3077954340008
1518,192.40234844468716
1519,502.7689526465668
1520,-8.877229448155814
1521,-2973.0939407687943
1522,176.56785562340394
1523,-2301.5099953561803
1524,-23.051050391443706
1525,-13337.966691753467
1526,-1799.2875765921494
1527,227.12746106593409
1528,-164.86405228053383
1529,258.86413456330996
1530,995.8745786095028
1531,-384.4543343394755
1532,241.74790527188338
1533,787.0216967083816
1534,68.96914498578273
1535,240.6769700677894
1536,-8843.930177138473
1537,-818.163696757445
1538,95.90075149892257
1539,-3029.1587525867217
1540,-202.58753732874314
1541,-8215.72055039111
1542,-4582.249337029563
1543,873.4287953786661
1544,367.33149128846696
1545,38.9900524842812
1546,-28888.61104124581
1547,203.24543282529092
1548,142.19557223216123
1549,324.80198046731147
1550,241.15502160690633
1551,-8803.6788262106
1552,-71.2685167157604
1553,-5191.285499026419
1554,-18643.489728499415
1555,-2441.1180930942155
1556,-251.21539892180982
1557,479.4632405753975
1558,-28309.644341276507
1559,-274.89391995838395
1560,54.006662934620955
1561,640.5346473916405
1562,313.66744196708703
1563,278.835949217611
1564,490.99389548729636
1565,50.30593362708175
1566,-2.4961121312551353
1567,264.22611730812264
1568,372.2701758166075
1569,98.8985081159929
1570,185.01905887346754
1571,-3930.7424806427866
1572,-13546.429019320942
1573,-4271.806201700078
1574,159.5335204321443
1575,-37.14913184908612
1576,359.1063017697857
1577,175.28942322897666
1578,58.299628134065166
1579,210.54316339236038
1580,-8418.649931108523
1581,236.3978135370247
1582,175.670777604004
1583,41.739815012136766
1584,204.3025265722904
1585,89.60469621478114
1586,-8067.352224615561
1587,158.22991581623307
1588,480.09606528363076
1589,421.54786655806726
1590,-9153.018773794756
1591,101.6492909732624
1592,212.35577676148517
1593,-11495.284380376204
1594,-21885.400771386798
1595,-204.7172760580044
1596,-9311.269514549651
1597,238.55387268319907
1598,-6250.657887406132
1599,-1092.1143661020076
1600,84.3380271159549
1601,144.1298643629666
1602,-5100.94853595858
1603,787.2155375013147
1604,580.9538065757056
1605,76.76689365432246
1606,52.768662773604156
1607,1206.525063898865
1608,32.80255029935778
1609,467.9644151291695
1610,872.8521543371082
1611,-12118.802446744035
1612,339.0220330745844
1613,-4922.3008093219605
1614,-3056.650390613035
1615,8.7490007213025
1616,267.2388940426119
1617,149.45309800065655
1618,-16867.835223127964
1619,994.4844512732641
1620,660.662850851909
1621,-24382.029992468484
1622,685.0251013129752
1623,-2293.6657804864053
1624,-172.29426646217632
1625,-1680.787025466703
1626,638.0929880216127
1627,600.5117777179594
1628,-2436.799807255934
1629,-13628.749690418132
1630,493.6424392621376
1631,-259.84354067355366
1632,916.7487383453808
1633,424.65393327993513
1634,145.46469360744786
1635,-26139.741141865976
1636,521.662077183158
1637,112.21030660143626
1638,-5714.609876734424
1639,628.507700648555
1640,-15156.803246623498
1641,-7022.025052889764
1642,330.18265434742545
1643,35.235709828262564
1644,-1254.25137209071
1645,842.0725946187447
1646,-409.362218656149
1647,978.7623230768545
1648,243.5156091764003
1649,552.9981098011579
1650,194.22619106889994
1651,-7834.511666006005
1652,-16237.997056041746
1653,-4594.032506498898
1654,-11874.953042913708
1655,136.66424870304928
1656,63.33260275419643
1657,102.84313753878362
1658,277.151726578318
1659,206.08090278120005
1660,201.57087220456168
1661,90.55260207460307
1662,225.55554359495443
1663,223.59822531325977
1664,90.94400391740001
1665,237.18383824605084
1666,-10975.702886418747
1667,-15695.377877681402
1668,939.0529121138686
1669,358.2464322080158
1670,735.2720689229209
1671,-2656.674061204851
1672,-6115.390639225227
1673,-5541.889781649452
1674,-1731.4264347899066
1675,252.36745527598654
1676,184.16308763570981
1677,-1573.9593857024315
1678,1091.4879419537103
1679,-13269.64733649465
1680,958.6499096681911
1681,858.6296098792691
1682,-27.52942310300723
1683,181.9916539050584
1684,42.970689968430314
1685,287.99400068420533
1686,864.3118164745438
1687,791.268422423891
1688,76.46606047817116
1689,53.742516349562074
1690,905.0503378419753
1691,168.26772879937926
1692,-3302.3233235418916
1693,415.7882600160288
1694,-7344.463766796886
1695,-1157.7860852480167
1696,93.64785421614849
1697,-1684.5381002099741
1698,98.3487528707916
1699,105.92533340790038
1700,-2298.550175960159
1701,555.4569125814393
1702,148.7303022903108
1703,-4807.651038542806
1704,2676.358156414872
1705,641.2239763384789
1706,-35814.81717098896
1707,469.2075668431938
1708,-2307.690840646073
1709,179.05954354356635
1710,200.37613933359467
1711,-3304.4951400188656
1712,1.5899765195832063
1713,134.49889091867033
1714,1019.6434858901283
1715,-4663.7055870352115
1716,155.99359306184414
1717,-9051.86584999121
1718,-6185.673171777177
1719,146.24656953048077
1720,1799.8252360831846
1721,-7604.065042097002
1722,391.11889989607005
1723,-1725.557084040465
1724,-17528.873413582867
1725,-6895.660344886053
1726,651.8847516283522
1727,-408.0552723062759
1728,1211.584314781908
1729,120.74028089887214
1730,-1666.0066066502814
1731,-86.18473331698321
1732,-2428.7035410090925
1733,225.5511060191135
1734,213.29155368446675
1735,974.4161524951976
1736,-21279.75303706184
1737,424.6296432328466
1738,30.85323060040034
1739,181.03214973940035
1740,115.30759708055558
1741,-19.660488895002928
1742,-3671.9519323012905
1743,-1592.0868747110521
1744,-638.8804967792815
1745,398.46610893906416
1746,210.10414059718565
1747,-179.42306743474722
1748,-2149.30488070767
1749,-2450.670163750259
1750,-1324.3785222150836
1751,40.04732237799346
1752,424.7195112849619
1753,4.05945725842362
1754,289.14694648407647
1755,223.66267318991058
1756,364.770012847906
1757,-3147.916679525005
1758,40.88090674341281
1759,192.70859300880574
1760,1383.6165231562597
1761,155.1333420765423
1762,776.9960346052023
1763,605.0399698117535
1764,-4765.852757366251
1765,132.31084577719693
1766,384.93732655501475
1767,1291.5333268658185
1768,-18565.43360476111
1769,-869.1735538083691
1770,501.24877139531685
1771,-9100.01820428378
1772,616.5086967638756
1773,614.7293315194352
1774,-918.6748031609894
1775,299.5145494595148
1776,216.85997769317507
1777,-26812.185361809694
1778,126.43523596421844
1779,448.46867745230844
1780,157.82977189135272
1781,-10019.923741128974
1782,-6760.573718679792
1783,-9383.757020476236
1784,-4180.818487780416
1785,26.500508985108464
1786,1501.8569790033127
1787,104.17830279905797
1788,-22351.852262755354
1789,257.90374598303544
1790,-664.8808479705073
1791,-7123.469794656348
1792,406.4362566105557
1793,-13802.181094163418
1794,-7911.207065552376
1795,312.23954138484027
1796,-18705.44188287047
1797,887.4441901253708
1798,-7284.97311038852
1799,131.21076016267645
1800,-4329.892614500637
1801,183.57195193952967
1802,1006.9105422016678
1803,251.07605853268805
1804,275.1746480237878
1805,86.71277405513288
1806,-4234.189967556964
1807,1194.0367929381553
1808,400.22151800360365
1809,-5263.139906832705
1810,-3558.3460891454693
1811,173.6700930858797
1812,224.67046728766104
1813,123.55886343782238
1814,136.0446963646266
1815,474.40916487856697
1816,460.0338240793639
1817,-5458.985670924249
1818,153.84788328349183
1819,667.1860896279132
1820,-1078.4529100983443
1821,799.0670448276728
1822,82.41477859590692
1823,-4144.51040457913
1824,71.82102620803063
1825,-3743.6351314425
1826,-8879.67926579395
1827,352.5802344047778
1828,-9244.279298878222
1829,746.7112044418545
1830,-12056.359659432444
1831,1328.8944400864823
1832,424.80199951263216
1833,-329.376932192535
1834,-27.477878755596716
1835,1646.6715435207823
1836,1373.1167850022646
1837,-325.7569894510674
1838,152.19997211859302
1839,-30643.503441662306
1840,-97.43191866469809
1841,875.2479288462512
1842,212.06227038027941
1843,-7695.53982940116
1844,-3462.9703534619593
1845,-48.753185735295844
1846,841.5361001350311
1847,-6954.6100260949215
1848,526.0562195427469
1849,-609.8812026852454
1850,-10715.486016133642
1851,1181.4847188640774
1852,-13130.552352836688
1853,35.83558847658821
1854,146.84141430202408
1855,-7.617717265539225
1856,-1998.3927130334628
1857,-785.1098190831586
1858,-16215.247085395076
1859,48.378573776681215
1860,185.6814500923452
1861,213.33649057032014
1862,21.204896884676
1863,-3294.130089437312
1864,-9.035397211399648
1865,-12083.215460982978
1866,-2040.0775340999535
1867,276.3866472946326
1868,-960.6922890252122
1869,-22.259219102762597
1870,-246.8521144255424
1871,267.42783637564725
1872,297.96473368928474
1873,-6767.215874537408
1874,159.88470100612017
1875,-9557.016354616311
1876,677.6616819649911
1877,685.1033547008119
1878,-6022.69111161449
1879,-6966.061309520896
1880,-312.83122666072654
1881,136.73486008035962
1882,642.7123419453591
1883,-6896.712781209955
1884,-78.6656369419487
1885,1668.1725696715791
1886,639.6301887587061
1887,-3484.727845530782
1888,-14550.507632200537
1889,-82.97655527956358
1890,-2846.2432194731005
1891,-30383.861660126717
1892,-1162.5233236878917
1893,324.0019897235777
1894,-3019.483244587046
1895,2.3044268985295786
1896,199.6739742488469
1897,-8312.528691960777
1898,26.864728016838523
1899,-18752.532792103964
1900,-4414.820421807541
1901,-1230.182248242667
1902,16.6847814794499
1903,-16.410518792934905
1904,-7145.3437039490655
1905,-2774.7999975090383
1906,64.34589019467018
1907,863.5581429769663
1908,-9591.845457490252
1909,438.7424110052511
1910,1586.6724204568902
1911,-5854.818323012119
1912,960.6337540498586
1913,225.83401801160565
1914,207.90187048795508
1915,374.16901733756606
1916,-15903.21707502042
1917,120.83314097581378
1918,-2435.237886937452
1919,-7455.314105877558
1920,778.2081302511157
1921,-123.81207594698076
1922,167.51784539421175
1923,-3485.770573148991
1924,179.28433635936983
1925,-486.576936576515
1926,622.9468794391049
1927,-4652.06871387735
1928,2518.70690253464
1929,-6172.938751482317
1930,-5222.509275963125
1931,-70.14117082540972
1932,-4177.307556550714
1933,657.024705429575
1934,93.12701109189689
1935,-379.7369260635595
1936,625.7997434770624
1937,143.1666096819892
1938,752.0633581426174
1939,-10059.679113322816
1940,1213.7351539772171
1941,-5883.691128882664
1942,665.2029130384657
1943,196.84813937025189
1944,579.1369551128388
1945,-3690.500166514736
1946,-16822.7930796542
1947,662.9742123978953
1948,30.4081672346237
1949,186.37229729735645
1950,1019.0865301671032
1951,361.92334982751356
1952,-4687.218817965079
1953,303.7753108723569
1954,-9398.831212253437
1955,-11343.982306518661
1956,948.5091854370061
1957,113.95072002588756
1958,651.3601521986941
1959,1157.0078364986448
1960,-1147.9994765909678
1961,-3214.974496693208
1962,-1143.0164073680223
1963,97.05072919917477
1964,900.6627660227917
1965,362.16116444340815
1966,-831.4686955875088
1967,-440.1445657776528
1968,885.4686195186774
1969,207.50177236896866
1970,-4282.89100225555
1971,1008.9922750471344
1972,1145.618854501687
1973,94.09328265554637
1974,34.553992490808724
1975,-4759.808447089605
1976,-16140.324053767958
1977,-11506.716466422242
1978,124.01595961693467
1979,753.9196764753987
1980,204.18745707967622
1981,-14751.602896699927
1982,-48.23012673824378
1983,-36709.07168799418
1984,749.3292866698152
1985,543.3260224743772
1986,58.651622301879605
1987,1370.7666028615872
1988,152.37078804630167
1989,703.9795218864947
1990,73.9070954025951
1991,61.08814698989447
1992,221.28533564911106
1993,320.50878074000286
1994,-7089.138362335088
1995,29.398391107651573
1996,44.99341327460017
1997,-3982.7222328167177
1998,285.3370725242284
1999,266.7208962951166
2000,30.26769175735188
2001,115.12266115534794
2002,-148.4439183468628
2003,118.05692974614281
2004,438.5274701428788
2005,475.1907333797303
2006,855.1364273556886
2007,786.1041100856397
2008,-8820.523026732104
2009,203.64077535301638
2010,201.55314316147457
2011,-36495.35525686612
2012,896.1976311994573
2013,511.06065882582675
2014,-339.2504649190621
2015,1297.2232858628336
2016,-1978.7793954127005
2017,54.85517601678237
2018,-3886.5763310429347
2019,-19154.736709161934
2020,770.9484480090557
2021,-15391.931027743798
2022,-10088.593421895379
2023,88.0542216533093
2024,536.2068663622069
2025,-1275.6095673595155
2026,1038.3498489244375
2027,959.2692167122974
2028,779.9543366584206
2029,423.0372555739009
2030,-4024.8588133909393
2031,-150.7839728834532
2032,-5648.227933615078
2033,-13778.565201695174
2034,-27011.491607573826
2035,430.10814606059154
2036,-21.998024076769337
2037,-802.6345729294909
2038,569.7610782223198
2039,156.45303953919532
2040,599.4359084616499
2041,380.2403075398071
2042,1299.274155810426
2043,-35.073162615418475
2044,643.2365370467934
2045,131.0013167311865
2046,-1871.910216355709
2047,-166.47280991487324
2048,-768.1750469275995
2049,-2901.6925640157733
2050,-2446.327320876603
2051,164.61849136613182
2052,-86.0860863943411
2053,57.652043539724495
2054,-4315.155177588313
2055,356.9326282659957
2056,-16117.683527813933
2057,-60.130449267933095
2058,-21003.92535979058
2059,522.0082500240219
2060,-138.59032842207853
2061,474.37230646374354
2062,231.59186595554118
2063,-1614.5040483067069
2064,99.274756781104
2065,-10346.943418499117
2066,676.3928780745525
2067,-7385.053047437198
2068,139.55907027758508
2069,357.5996555611545
2070,646.7815352229245
2071,-5485.022133260506
2072,-10988.956866089284
2073,-42.18768301695915
2074,523.8889653378156
2075,193.08520929822066
2076,-107.19403619055268
2077,1463.9253312231374
2078,160.88448688989493
2079,36.084273967078424
2080,789.1449454481696
2081,1264.1214861023543
2082,1109.1253892308316
2083,831.7801342314295
2084,711.8351255429208
2085,319.3326633190258
2086,315.036623104419
2087,221.21363917176683
2088,1194.4273576605374
2089,234.4177985084468
2090,-864.9275244390616
2091,-13209.317297596714
2092,1746.689827958293
2093,900.1730870826831
2094,781.4207395491393
2095,849.424640128221
2096,359.08946238945305
2097,100.62949918897891
2098,349.7424165186699
2099,-65.94334210817608
2100,1024.5592260899314
2101,371.2860794186896
2102,-7428.585756144506
2103,-5681.708131484332
2104,296.6236525280851
2105,-7850.77993291265
2106,-1548.736526035472
2107,777.3196818978599
2108,389.6486868003199
2109,293.14821301148396
2110,-9744.659380573017
2111,-11150.965835632864
2112,181.30354747204564
2113,708.61731032695
2114,-13728.023679963047
2115,223.4333506263895
2116,648.9900273507079
2117,126.12892955475053
2118,892.6684776835774
2119,1004.202595335219
2120,795.2340379427443
2121,669.8712151650542
2122,126.2550040547751
2123,54.09765163584647
2124,1271.051282436956
2125,-12313.095721159738
2126,-1584.1984197358356
2127,205.87709725729854
2128,-9399.126390787796
2129,1285.6307342902685
2130,1196.7639692615314
2131,293.9770549903936
2132,189.08500389228573
2133,1107.3629392198497
2134,176.41046265368686
2135,450.36472705377895
2136,-8917.09356141643
2137,-15475.237182117316
2138,1048.753175286379
2139,1079.6371035232874
2140,74.62700928076387
2141,299.3906671322971
2142,-39.037748278051275
2143,666.4933204531985
2144,97.70266798857708
2145,310.67484482537384
2146,-57.5557539255874
2147,-6666.580024026012
2148,-7654.8242600697395
2149,350.31350163981807
2150,-1672.3806413838329
2151,-9298.173614671306
2152,-6113.888006410858
2153,-41.150476107153864
2154,-32369.61262244811
2155,609.4687725040743
2156,495.2092355244274
2157,142.54992183992056
2158,-8121.7353119750005
2159,1679.4794623576802
2160,842.9404468723794
2161,-23.89704637114799
2162,531.8742753396748
2163,842.2950876550913
2164,1379.5648621486928
2165,-25.37118810557762
2166,535.1258601984811
2167,1254.7096654291995
2168,-19077.811555518318
2169,1020.1315206873315
2170,587.6584424623
2171,1049.6058334860952
2172,151.99501074199867
2173,6.116161506079507
2174,-12807.776932692042
2175,385.1565683085267
2176,131.3377876389158
2177,578.377429812152
2178,231.92270426329148
2179,391.31017037855025
2180,98.10841599011604
2181,604.426646570739
2182,-11108.949115653497
2183,84.16825965572006
2184,305.3170753638943
2185,-156.09513089783752
2186,120.56278044626073
2187,260.3138376260893
2188,-503.3880266131231
2189,-1850.4603046510697
2190,-22.887488331297117
2191,464.87443874595834
2192,-8056.259308610176
2193,77.15559148819702
2194,-6886.239433089209
2195,-297.82939297360105
2196,1237.5531352663281
2197,510.03184539281756
2198,162.79872712099376
2199,-11.601500244116272
2200,-132.55131566570356
2201,-1920.8465449468144
2202,864.7069540804362
2203,-8440.86635906642
2204,174.66798976218652
2205,1847.9423451412995
2206,33.760748843700604
2207,50.88423164928894
2208,943.0724269220294
2209,626.3650916756252
2210,35.99096302608753
2211,229.16075014036673
2212,552.1580057717143
2213,-8083.97207261259
2214,-172.69095119552196
2215,35.8015271761723
2216,587.4420221170866
2217,1040.7826904964902
2218,24.318359832329055
2219,-8006.377875770985
2220,1105.7121102815386
2221,807.5302602852958
2222,275.407157305667
2223,945.6643221917748
2224,112.29762143419691
2225,506.28827010909424
2226,713.0462471805828
2227,-6491.505986543534
2228,1170.7982298852087
2229,452.9018299575491
2230,712.1491392526348
2231,-3404.5064923572318
2232,855.0706163696331
2233,-11518.614820755762
2234,65.1456602366922
2235,1007.8058495994406
2236,-26560.813206321898
2237,522.0375679491921
2238,231.26809347766155
2239,397.14857956343525
2240,376.5758339672954
2241,839.3805922356149
2242,-789.7797988820488
2243,104.5136786939492
2244,-1457.784719494564
2245,298.42244592396077
2246,1051.051953536787
2247,-774.3917018219983
2248,-20.007861775488504
2249,-11923.58234572844
2250,81.00752961819938
2251,1151.1522901894418
2252,1195.5021373844324
2253,-1171.5630547697742
2254,-8196.372211974016
2255,1843.733062585887
2256,561.5251444792945
2257,-17286.134255213623
2258,591.1907904169549
2259,180.6564797836447
2260,791.8264282290567
2261,-18.547619062988414
2262,-5355.720122684614
2263,704.907643564229
2264,995.113555936459
2265,120.68853611468082
2266,76.67341908552959
2267,818.7666751176839
2268,30.135573455830215
2269,805.0819262456872
2270,369.7136281406051
2271,115.56666292320385
2272,1372.7729014799409
2273,267.0622196847357
2274,-35503.45344393776
2275,404.4994406315068
2276,-17302.051642943603
2277,146.6241057485044
2278,-8109.623569680245
2279,-2284.790387032136
2280,373.8985717953796
2281,1110.1388264059533
2282,-4569.878544644873
2283,97.77413461897274
2284,193.90157266111373
2285,-750.1660669562008
2286,253.49887151306223
2287,6.776885559896918
2288,165.05161407984755
2289,289.9571024677407
2290,-1850.4324028786125
2291,-1101.1628712500697
2292,415.25883888753134
2293,421.86675823749135
2294,197.29048327624537
2295,-5345.671070442499
2296,572.8231870544606
2297,610.2528495044188
2298,631.8386632606316
2299,62.71198794972675
2300,18.845462312759015
2301,-774.1738285986718
2302,72.51788894017598
2303,-138.1586695699105
2304,-13655.06099528424
2305,476.984799255177
2306,-3909.210987894207
2307,192.06088745621025
2308,121.80054764197301
2309,845.3699226995514
2310,1517.0097931122123
2311,-2265.7481476058883
2312,-6466.6050804673605
2313,533.0327703748852
2314,46.659007958568985
2315,-23240.88280144154
2316,1127.4863275909768
2317,885.5434700566947
2318,-113.99873616279106
2319,-537.2440476392286
2320,-74.33709895354619
2321,163.24003019321438
2322,200.0389197592412
2323,841.5675823450556
2324,154.74113178466132
2325,47.93162873203486
2326,228.30830006913064
2327,-5102.794196535555
2328,-9.878367346587895
2329,412.56129540879516
2330,154.8295271643679
2331,-64.09658718214673
2332,612.3351695186614
2333,944.5485266981768
2334,-2420.8397263166544
2335,53.328737723227626
2336,-1209.9377442517034
2337,-20626.385590566693
2338,191.70387965192134
2339,-120.28503201406244
2340,-133.25625750624164
2341,-58.50928305160348
2342,-3704.182433085722
2343,-6443.391211009304
2344,59.49223868705047
2345,492.3426424613632
2346,-8981.274118576475
2347,98.69688343173047
2348,-90.4222069634582
2349,-77.6958857720926
2350,547.2727335335691
2351,119.19383989174678
2352,-10404.218860448647
2353,572.1949844683481
2354,-2087.934594002849
2355,-22.449404530605914
2356,-2023.2519423745484
2357,-33349.608555377345
2358,209.97501853675493
2359,-7806.595801458562
2360,-26.776513683385364
2361,479.21383615356393
2362,448.6823909765334
2363,-17101.17825930434
2364,151.69713824362478
2365,8.376166499595724
2366,283.5744689755058
2367,1192.9582589019712
2368,113.82280025007748
2369,98.72857692469674
2370,-6121.307979292955
2371,-7585.207997015221
2372,-13441.606941961782
2373,618.4229387022939
2374,343.3722800478162
2375,-8734.922625131003
2376,-1684.8145513598417
2377,58.34951855001275
2378,-2592.858966630779
2379,40.760004112203596
2380,901.8423877478775
2381,492.7265507887788
2382,-2871.964894464317
2383,-36.21296447371957
2384,896.7977851347237
2385,30.79164889574673
2386,-351.3487436532381
2387,6.5379123932503305
2388,-1953.5898663585588
2389,-5006.560053909015
2390,-6655.862326954733
2391,198.55656467244194
2392,150.02226884534795
2393,350.7986718649344
2394,-1713.9685044489818
2395,-8596.47703118909
2396,141.42806367110776
2397,598.5892634618733
2398,903.8201638710525
2399,648.5117157306898
2400,102.74168730009681
2401,-22336.479855374055
2402,-2745.936475789475
2403,4.784737929042038
2404,221.82341472324742
2405,1142.7765065928493
2406,176.16004276896092
2407,487.18061739118946
2408,24.068510465268854
2409,-8275.747542079804
2410,1045.2693536208992
2411,-4470.690037509036
2412,-4682.664401919101
2413,471.62831611086943
2414,584.064833477189
2415,-5477.80284704464
2416,-4771.560064436429
2417,61.95110661951236
2418,-35.147259360345814
2419,43.23080654180509
2420,1049.9004171108288
2421,355.401816310483
2422,-94.89006421075807
2423,355.0473256409284
2424,-6711.35658102325
2425,119.75465174742091
2426,-477.5700617297716
2427,1197.1273030364516
2428,193.83615133583066
2429,59.0116965677042
2430,229.58882943613588
2431,72.702555172866
2432,-9037.345454161936
2433,1375.3533525969226
2434,747.8841137716641
2435,-5597.913234593373
2436,126.1049932596886
2437,1304.4040172131822
2438,-1087.684657723045
2439,380.5530879138224
2440,112.4070702636988
2441,-3816.0147542158047
2442,-13809.956653708346
2443,251.7357087857243
2444,1098.2297603662687
2445,1023.0375292142336
2446,-76.33515478502163
2447,536.9064147470333
2448,862.7965951684607
2449,766.2969939042836
2450,1603.2225909633596
2451,-5665.685128594542
2452,260.51401970094264
2453,33.936744755480916
2454,353.30595062144437
2455,95.59586692186653
2456,461.46710953935894
2457,409.5532902415044
2458,246.94205737229274
2459,1007.4077712473292
2460,126.25993605286209
2461,859.6074659977307
2462,-4497.55145165737
2463,-3846.7768224921742
2464,319.3485974903353
2465,160.01684685287418
2466,160.20037783100486
2467,-13002.652246689748
2468,312.7286070339632
2469,917.1397278411923
2470,-1075.3027848413012
2471,78.34996665185085
2472,-7813.863890264119
2473,1.2644648936726202
2474,799.831604472349
2475,424.7089603769273
2476,18.100394261626047
2477,-1004.0125994194407
2478,495.3121827483103
2479,-14907.895489913235
2480,930.4913124699226
2481,-14189.580425776447
2482,868.1440846864654
2483,-58.60570736224054
2484,-3591.5770189466743
2485,1447.8501816945372
2486,-51.028580137386385
2487,149.23718381424473
2488,43.656550064104785
2489,280.8475532373098
2490,114.86916832828217
2491,1031.3338186239769
2492,1518.1771557424977
2493,-5046.1184638362265
2494,2081.5415557178217
2495,-9658.985870387374
2496,59.29518893346208
2497,-36341.266847583756
2498,-34124.1777036394
2499,1073.4608812182007
2500,-7373.922615149888
2501,698.8565766246995
2502,706.7842556394735
2503,331.88838431748223
2504,-15511.941311869208
2505,-14221.621032702713
2506,111.61690470536516
2507,-306.2948777878697
2508,-6515.338978860421
2509,-11524.753047351964
2510,89.67161709317708
2511,-2824.5140591592913
2512,935.8172755207769
2513,-5992.500973567075
2514,-4962.017223198299
2515,-2508.40720948001
2516,210.89797092092093
2517,642.9983933641587
2518,758.5874602951478
2519,189.60920873284368
2520,800.4398401624208
2521,-3733.862634928982
2522,-155.18471779386584
2523,323.57774417488673
2524,-94.27366248432101
2525,806.3424868751086
2526,776.5865799680671
2527,1200.994017088143
2528,497.34172755728554
2529,-1647.3815864198245
2530,-90.12950397318403
2531,343.32586226928305
2532,498.181615091585
2533,659.3308816092796
2534,201.9318996276874
2535,461.13745049447766
2536,135.66377792463277
2537,-5276.519285935818
2538,-1622.7496801424252
2539,359.9667486649197
2540,-939.8650000733586
2541,-24305.982453581688
2542,-2354.0147437118094
2543,883.9136966131226
2544,-31.918974366085013
2545,-12079.874379313602
2546,-4075.7671718986026
2547,52.45085143533759
2548,41.81032088147018
2549,-5198.32335209594
2550,-8583.486916664993
2551,1190.2663043770533
2552,75.09165758826909
2553,262.890515687115
2554,1086.3755358953767
2555,159.6680128529973
2556,-12616.388689414354
2557,124.32573549845829
2558,153.38698083221402
2559,-5167.10722389285
2560,565.9965215334012
2561,-14484.740023942475
2562,-13436.628762111744
2563,318.21919955166055
2564,-6892.838691943066
2565,310.08870262700145
2566,-13954.018166439031
2567,660.4127866523647
2568,-11375.940026776254
2569,773.7245552081152
2570,1151.6526676087876
2571,3.7349619821907107
2572,832.6969949841734
2573,-66.84171217826282
2574,252.84694484720222
2575,-7938.990790316181
2576,880.914960329
2577,568.5673223437728
2578,-2561.0339076178175
2579,74.94832251515632
2580,798.6555850507823
2581,461.0301486474344
2582,-17282.20539183313
2583,80.27341295307431
2584,-1894.675733750232
2585,-6381.237586023092
2586,-2.0437422782744177
2587,68.05983917290337
2588,-2283.135005416356
2589,7.227807615227013
2590,242.34273397795198
2591,354.0479656169321
2592,188.96253625102582
2593,297.3855881328035
2594,563.9892291084819
2595,-5543.231850201237
2596,491.75625727803794
2597,311.63574484228
2598,-2318.153203408635
2599,1265.5522209994062
2600,-10064.360742898563
2601,22.851746616237644
2602,193.98676960768708
2603,1112.4736014993136
2604,773.59706646979
2605,-2480.3351355307755
2606,68.3465148844075
2607,381.77035485312166
2608,-9822.776990383121
2609,505.60479268702596
2610,-1533.9903026767358
2611,991.1217499457507
2612,-1830.1806189325855
2613,-15508.954521789317
2614,8.199044058614552
2615,154.26670936120922
2616,537.2447341539774
2617,-16092.344369525668
2618,60.20186209393566
2619,-18076.928218865396
2620,270.00777370124
2621,-1768.0745316798261
2622,-3487.166606230511
2623,1115.979612610772
2624,-59.532447527835174
2625,167.53260725185825
2626,-11666.33846406659
2627,59.532912737155335
2628,-26870.453674200224
2629,1092.1341657543053
2630,1400.560042166385
2631,194.80524850724532
2632,175.46803424802965
2633,570.0418556341671
2634,311.90971640672575
2635,381.4851002720469
2636,234.84718800290128
2637,775.0891252669265
2638,-4547.984206692447
2639,-19910.953259073118
2640,-1261.4228919080883
2641,-7416.351766878409
2642,334.6089802520082
2643,-26181.42634543175
2644,755.994910170871
2645,154.21078126680322
2646,-7531.066813986387
2647,-1742.9582447130972
2648,712.5059555528322
2649,104.29526307617536
2650,682.2566218299825
2651,330.29021686391894
2652,222.26857846459976
2653,-1217.247392193364
2654,555.9239412494577
2655,1285.7607306052087
2656,1579.0924077942927
2657,802.1930206679721
2658,-20158.247794051273
2659,-35435.8617040084
2660,1207.3271664400663
2661,111.44676341565145
2662,69.08129686504422
2663,225.81218837358497
2664,750.8924257688886
2665,-10425.54590402643
2666,-3521.5043011687458
2667,221.44613022033374
2668,25.21381360022664
2669,116.85836951657093
2670,-11831.586591921518
2671,-35.22939500415332
2672,-7336.489765628341
2673,466.3532477910989
2674,-1457.0720208167309
2675,-6104.3523249501895
2676,158.27748020206474
2677,97.62464351123447
2678,-4008.0038917045763
2679,-8153.028809301508
2680,-18343.85382671613
2681,226.26099665794771
2682,721.4749685702064
2683,-57.817482640758
2684,-21.13186362464
2685,372.77181032973635
2686,34.812534922474306
2687,17.499984171162215
2688,193.27175664248688
2689,-872.8735662455828
2690,261.12477489278433
2691,724.439021880959
2692,615.9606505828227
2693,1037.9032890346684
2694,-1636.6468794706307
2695,-1212.7927784531191
2696,-208.84476627789712
2697,-94.78473072656077
2698,-4264.327879449472
2699,1334.9797554297068
2700,224.67748038075942
2701,269.27222077956924
2702,-1292.3766862769976
2703,846.4448199892508
2704,635.0923148531118
2705,384.2880126380947
2706,154.0937905702639
2707,-1225.9081136376876
2708,-3105.1341859142726
2709,260.6491945245918
2710,174.99915090940513
2711,214.4144791965119
2712,393.649148777481
2713,481.61913481210763
2714,-5897.350867336859
2715,-3638.575006759019
2716,-8299.995147435988
2717,101.2900186859299
2718,131.86239112986186
2719,-4417.465004076175
2720,-61.72589598478426
2721,965.471496190722
2722,280.35982496053185
2723,-275.13931229201967
2724,888.9672578965641
2725,669.8804324797461
2726,-14275.659713989842
2727,87.70092343141066
2728,537.7396297294038
2729,128.65964848958933
2730,-4885.21586965724
2731,-55.009072205580956
2732,-23036.421724941258
2733,-658.0810184080796
2734,-5196.450569277944
2735,214.91464373380978
2736,1220.8182279886296
2737,172.7585963457744
2738,300.35550860678904
2739,181.89319103005823
2740,404.55172664644044
2741,135.08057287263858
2742,260.59174870404314
2743,-7942.30668801716
2744,389.29848842005606
2745,158.56112279909098
2746,178.5780555839725
2747,52.86854362360196
2748,412.2055677168255
2749,-8352.699985670895
2750,107.53266371250612
2751,196.5860224018856
2752,-2373.6634871537667
2753,1215.5022080318586
2754,-10211.18778690794
2755,205.24224515152744
2756,-4670.454131777299
2757,205.72641114872775
2758,-113.51105722095791
2759,533.5455071392129
2760,580.4470119632109
2761,-987.5743550193383
2762,179.9160843356272
2763,-6602.178848671331
2764,-269.17620326464527
2765,133.58926690805646
2766,-7298.990809871467
2767,-9736.096484905034
2768,-1704.7577125540433
2769,939.7731575619978
2770,325.26349322570627
2771,1696.0508581036772
2772,259.1117279477665
2773,-23725.367635068957
2774,243.75781016184266
2775,-20474.076957298097
2776,-9272.409791709317
2777,731.9657877704202
2778,-3447.932574406252
2779,120.3450280505687
2780,-15.745544570455037
2781,-645.7493754525685
2782,-45.96693388767024
2783,155.09730745747237
2784,-200.2324332772733
2785,239.5396720274089
2786,28.460044811357168
2787,-9519.737255155365
2788,96.31005819073982
2789,-16.08752689163795
2790,-4848.959804077171
2791,-32124.026200807046
2792,962.4418615229151
2793,-8584.33605068312
2794,-184.64171819438457
2795,1814.2214687156536
2796,163.33892802357465
2797,-98.18103426921205
2798,235.08581295139507
2799,-7742.793828897946
2800,74.20064788766629
2801,176.7716477087597
2802,543.2108259534587
2803,-2991.504222188911
2804,198.10299743632766
2805,17.05017754017936
2806,271.7283206078007
2807,-9596.734245422338
2808,-259.16881914100605
2809,-1130.050449704777
2810,113.02241273672234
2811,-17109.603588797152
2812,-781.7851288621617
2813,170.5940221843261
2814,88.68034518454313
2815,-55.76530140936793
2816,-3696.878696385912
2817,-17473.16240495385
2818,838.5119623790413
2819,67.12307519305705
2820,-822.649651893126
2821,78.73098986088597
2822,-9266.408909170807
2823,-31890.045047556825
2824,850.6107890486502
2825,67.82473299876308
2826,1141.9755153208653
2827,178.0781690675896
2828,-5778.467701422348
2829,-92.69304963091825
2830,105.94172301993535
2831,67.24989800087742
2832,85.43049953906025
2833,-3462.527472094395
2834,-114.53921449830366
2835,-8889.234094008967
2836,531.0106539994334
2837,-506.52997595144103
2838,843.716936247496
2839,726.1883211753512
2840,-1444.2284116194085
2841,-5823.488114910844
2842,122.30380177495185
2843,1012.1558646789246
2844,-143.11182088390052
2845,104.34724959486633
2846,343.9384256298613
2847,-3440.82975869792
2848,675.2969384597615
2849,706.101762855339
2850,-6268.2958859680475
2851,-143.57684204824497
2852,473.9136222883906
2853,46.86502528453969
2854,540.2837536044836
2855,21.739817107228955
2856,0.9102660728030858
2857,116.30531536712262
2858,-821.7204562115529
2859,247.5962202994416
2860,-4701.744598734604
2861,1577.4433582652823
2862,205.07515197108785
2863,-27.23879339196475
2864,234.91219125045913
2865,-264.26415937024115
2866,510.9599771939937
2867,962.1316447195827
2868,264.15883573601246
2869,348.39667824082215
2870,260.5389101685512
2871,-6528.267731543607
2872,323.124251948151
2873,-16143.78086387805
2874,-29027.970033546284
2875,-16091.584435039225
2876,-21496.316610741003
2877,-41.13729582957264
2878,384.4274439512194
2879,-795.1253644353102
2880,645.4082682589675
2881,228.00884647110783
2882,738.9716735314438
2883,242.11032498140082
2884,-11432.551698852782
2885,644.721151120623
2886,318.8744082763518
2887,-10202.449956099765
2888,1199.2508369834295
2889,-4260.900352154251
2890,-3291.503032816091
2891,-364.3319135989813
2892,-103.25488962381795
2893,291.3001859807709
2894,115.28134816752492
2895,110.17524576914812
2896,-10027.954101521696
2897,-314.2251577758974
2898,-34123.88314384047
2899,-71.75913520632278
2900,794.1812897393196
2901,-50.61443321362469
2902,448.06128084057696
2903,282.86436220174664
2904,131.60190958386886
2905,-21986.5487718395
2906,-94.72435014776993
2907,100.46748312410568
2908,-17245.988797966325
2909,15.397062583967058
2910,-10277.701887500025
2911,458.1425679407168
2912,121.68957365687662
2913,1006.8973934063928
2914,-5481.652995682053
2915,-74.59247834363865
2916,370.5070806012253
2917,681.5943239004578
2918,-1380.3557454969898
2919,-23617.357948782283
2920,-11900.729740911294
2921,420.5393822025899
2922,301.9300859821824
2923,135.61000273285688
2924,107.61902497423998
2925,156.78302874320394
2926,149.00875858882517
2927,-13972.164770155192
2928,-22424.122476099146
2929,672.6125000419582
2930,-5234.213723327357
2931,-5.200365185430725
2932,287.62045584403063
2933,-262.6616498993719
2934,622.5182361834146
2935,-3722.0966272301744
2936,-3495.576270555469
2937,228.64863120567082
2938,83.33760188991067
2939,-1427.0645828513261
2940,70.43928498525803
2941,1074.671217191366
2942,-4273.859694562193
2943,681.1785423105956
2944,-2183.1615897317065
2945,-3218.8321305277586
2946,-1774.2875906123809
2947,-92.70484778020457
2948,-35.443312589395326
2949,356.1750184891932
2950,234.68419916107365
2951,178.07627297357513
2952,-3254.0235743648223
2953,204.5989639059478
2954,-19.825951963653264
2955,-20129.682321254197
2956,32.83155804723881
2957,828.4872995171633
2958,727.6014187511461
2959,-3266.204386606939
2960,-9877.979787176768
2961,-880.504169697903
2962,1000.6105017972438
2963,472.6693516543491
2964,273.92240164448737
2965,500.71989392368926
2966,612.9281662555588
2967,57.64312418677755
2968,803.8776471802071
2969,21.01564183882726
2970,-826.8196636540944
2971,754.0465306356158
2972,292.9033323015152
2973,-7531.25391962311
2974,-424.0539090359197
2975,-7691.601208334823
2976,1153.9974453162235
2977,739.4365629329556
2978,196.80120438446755
2979,768.8724318748377
2980,854.5787892334704
2981,617.1232102138902
2982,419.32765361285385
2983,-40.609465271898806
2984,114.66659484031464
2985,162.40906824427185
2986,116.48734088992539
2987,630.8270144716203
2988,155.92292955359608
2989,284.950049271274
2990,-7232.51237593675
2991,163.27366844186105
2992,43.00848810588018
2993,-10654.291333407338
2994,470.7556659377766
2995,685.5444219718737
2996,320.31277243251674
2997,-1267.5167913457226
2998,-8329.735550476591
2999,403.082775752152
3000,177.26365665860908
3001,268.33808455794815
3002,860.4105988548378
3003,1282.562794406054
3004,364.5984813800134
3005,696.0895116535029
3006,1064.3274118432544
3007,246.0392187480348
3008,1564.4026808882782
3009,1013.2365220195346
3010,117.30449405733212
3011,686.7375551895585
3012,956.8030036019401
3013,987.5310929728653
3014,377.357329812094
3015,713.2500868694466
3016,-2422.9080892992934
3017,129.35446613345414
3018,-944.0417184349335
3019,557.5581316814048
3020,289.87632635624533
3021,895.3754360270605
3022,-888.7765683853564
3023,265.9051485232424
3024,717.2299611340262
3025,451.70323485602137
3026,980.8317484573488
3027,-3996.0385292422793
3028,-173.62232601578057
3029,149.2706228584416
3030,37.985777241696404
3031,212.31547194046783
3032,226.41272678660917
3033,1000.0027980071495
3034,-3677.075778102522
3035,-8869.214851502444
3036,-548.8131215003827
3037,-14304.314720592927
3038,125.30547871091966
3039,377.05609587428904
3040,-19605.351180386227
3041,841.4123792062386
3042,184.72130876772354
3043,-6228.218002764106
3044,-7.828797799341228
3045,1003.870336956636
3046,-8683.054477717322
3047,-1109.8759682602545
3048,478.76986871192537
3049,170.21648063269748
3050,562.4636216133131
3051,-7086.135717525434
3052,882.0238649992862
3053,323.40682438499056
3054,167.32604849364748
3055,-9556.547174027868
3056,-7998.419396505704
3057,232.28125625302906
3058,684.0515711727887
3059,-27121.41061175639
3060,-7365.795510394512
3061,-2024.8702558940427
3062,689.8398755547666
3063,-5961.857713227617
3064,-186.60850955249134
3065,147.62443163784482
3066,4.777253546888673
3067,874.4915887662619
3068,-3523.0696847916697
3069,95.97831003263275
3070,185.7791062699091
3071,181.99789905312034
3072,504.45440851818785
3073,-9550.67734942986
3074,52.116800038495974
3075,239.9104756201813
3076,387.2134515078714
3077,181.25745815289363
3078,-17546.32085867919
3079,-286.8411000330779
3080,254.7296953331914
3081,19.121912938972184
3082,-10980.538231333481
3083,565.813781857579
3084,-341.09402611605924
3085,1087.4553129542392
3086,97.99978332623047
3087,568.2739636176399
3088,158.54644216866112
3089,-8466.792178429165
3090,570.7004839147565
3091,401.7496232256226
3092,140.2968770800221
3093,265.82724197052727
3094,-8106.068752437929
3095,-41.18575569565242
3096,-5790.788479588792
3097,1173.9031259904475
3098,-2637.2662988323486
3099,-2181.127373377084
3100,-1.9234849648694987
3101,-9002.987759815429
3102,-11183.163519828264
3103,487.08339325255486
3104,384.884422300044
3105,172.19305320076833
3106,-10444.793849042939
3107,21.682133290009904
3108,423.8758092025425
3109,-3441.9134272734796
3110,242.43336600443138
3111,-9859.58067248875
3112,74.77531735600023
3113,37.50855047126726
3114,152.88461619611292
3115,128.45786593296458
3116,151.7081627783059
3117,596.7881046688361
3118,-102.73953840298964
3119,380.56139209115673
3120,212.36935727658076
3121,192.37781793998818
3122,347.20416103174836
3123,-9494.816748869982
3124,419.77792761984125
3125,-17585.847486685252
3126,432.5204272845349
3127,-6436.187393740252
3128,-15003.610081055283
3129,-31478.65576084458
3130,-1599.387384715164
3131,380.43747505556195
3132,234.5411871208158
3133,-7442.556512817741
3134,889.637992772039
3135,1171.4749893121711
3136,816.0759964621584
3137,-7309.116415008997
3138,385.901983575083
3139,43.59138781343871
3140,1000.9107125622888
3141,156.95721244015033
3142,-8928.365259419183
3143,635.8754884187505
3144,363.11761857627175
3145,975.0891752875817
3146,465.2240690856292
3147,-21.77780736769125
3148,0.16192777636953393
3149,-12249.056499798013
3150,-13781.565434071312
3151,238.1334969989455
3152,131.3832210797183
3153,-2727.531808210747
3154,117.76448780912271
3155,163.202616847024
3156,-2524.007672494872
3157,-13301.742148382526
3158,-27.61455383917458
3159,322.9238797388636
3160,-2127.1603749165147
3161,656.9902893127422
3162,716.9297397537496
3163,587.1858620881121
3164,13.304693339612486
3165,213.80369173826938
3166,1204.2889101216356
3167,-2047.8710537186091
3168,975.2184287309357
3169,253.45528054178897
3170,172.73997512835336
3171,111.5618511023643
3172,-30560.338012719454
3173,-3470.6191682929875
3174,-4377.931027039582
3175,147.78782260772005
3176,-20193.995146305188
3177,14.851571756758483
3178,144.96650503812273
3179,53.725360924541086
3180,1419.5756441690748
3181,-3750.89824397235
3182,966.4697165488723
3183,-1355.7648420933835
3184,14.968042007611809
3185,816.9590911245309
3186,-8547.69079133392
3187,-45.78803235400442
3188,142.10045513501868
3189,883.7207765330824
3190,760.8635992409058
3191,-4411.430444068259
3192,-3265.995889702403
3193,-1915.8107084272517
3194,266.3030023569362
3195,109.11050002999387
3196,165.0386226902162
3197,71.35053432557557
3198,310.69117778657346
3199,348.43449678244406
3200,12.339306486573767
3201,618.980896157999
3202,628.1425107429328
3203,-6703.017893640558
3204,-16474.59328278353
3205,-5263.874644742636
3206,650.0232011493158
3207,-7792.757315200268
3208,-18985.73411738986
3209,-19541.38275169037
3210,20.039273839826134
3211,250.45044860567864
3212,1286.702639516865
3213,148.94463960851184
3214,-13785.52413584586
3215,-20187.136625631556
3216,-17161.68875768967
3217,-15310.757979406446
3218,-10233.283409215644
3219,-14368.853039951013
3220,-24208.022386344106
3221,-10197.542173318532
3222,-19332.07877560264
3223,-17178.509753726696
3224,-7152.198419565944
3225,-25322.079335821953
3226,-6431.562081759029
3227,-6347.785577685353
3228,-13106.429525086354
3229,-7349.837555908514
3230,-10809.03015539236
3231,-10855.074151172874
3232,-8378.728799653683
3233,-21905.675315214394
3234,-2643.931451013182
3235,-2738.9580762155556
3236,-8515.709370028571
3237,-7540.883617853103
3238,-1484.4229378687405
3239,-2297.1720323321238
3240,-7348.430561161063
3241,-12743.553324699786
3242,-23903.742550407565
3243,-7103.134067440089
3244,-19007.912356040448
3245,-2603.1977163317697
3246,-5594.850566316681
3247,-10238.569106347593
3248,-9075.960554399484
3249,-16707.862904938724
3250,-228.9606591423976
3251,-9015.289963767742
3252,187.81998549389186
3253,-8787.4594950276
3254,-2004.1732595681337
3255,-5524.557738008952
3256,-2411.2964164445993
3257,-19190.823224588574
3258,-4807.435719309852
3259,-19537.51784668745
3260,-13471.905022143404
3261,-11300.10839190452
3262,-21560.499199502694
3263,-15362.148278650964
3264,-6834.597460649334
3265,-6250.383347954474
3266,-16681.401080124822
3267,-7208.102223795931
3268,-12146.404438133251
3269,-22871.569490160102
3270,-11064.103255795593
3271,-9094.67421959781
3272,-767.1797333325621
3273,-3153.231442817134
3274,-1554.763268946068
3275,-16269.666292844666
3276,-4305.2570613370135
3277,-11208.789394397523
3278,-19930.68977148708
3279,-1208.9610705745044
3280,-4003.920026381349
3281,-9736.179001981687
3282,-17942.617634181956
3283,-5166.193444615706
3284,-6848.196018100759
3285,-4225.789248714877
3286,-3171.9744239056504
3287,-1176.4342740195616
3288,-12281.61491624839
3289,-6546.713119540405
3290,-29816.19453771956
3291,-4277.196879964529
3292,-10315.085207937333
3293,-11077.040225738665
3294,-24557.20498591153
3295,-6149.843635846851
3296,-9941.320797367342
3297,-15185.085700262956
3298,-11627.792176140212
3299,-1526.7421659657475
3300,-706.9747955660687
3301,-17628.395841595542
3302,-1427.2177591999994
3303,-8406.01878655066
3304,-7539.315629847819
3305,-9381.415874576955
3306,-4841.005453940447
3307,-5703.127869286323
3308,-27942.734250214133
3309,-15390.490812891057
3310,-1973.444978405709
3311,-5013.570121993757
3312,-8908.833611301145
3313,-15543.611993740842
3314,-6728.32168444871
3315,-6501.229720306334
3316,-910.7772880879467
3317,-8493.300435396626
3318,-10325.02650047057
3319,-7126.5913609555155
3320,-4186.588490426886
3321,-4586.388208779409
3322,-3784.231463462583
3323,-13213.485702295577
3324,-14167.579878957966
3325,-8933.375091056489
3326,-10152.704311854317
3327,-14640.833879465108
3328,-1560.9466095596072
3329,-4147.866672454306
3330,-29839.969996774882
3331,-28656.78344888847
3332,-17450.776158732526
3333,-7946.670632652653
3334,-7469.543479184173
3335,-4444.768616138673
3336,-7930.354664882469
3337,-11398.43576205735
3338,-11597.0659726051
3339,-26259.077176441428
3340,-27016.499822746566
3341,-12746.350812722707
3342,-7469.3761947011035
3343,-1978.6897495920139
3344,-5499.494227733178
3345,-768.3382130498239
3346,-20247.94782978505
3347,-12850.65828374359
3348,-7446.003740720931
3349,-21411.715330125964
3350,-4003.2560007944103
3351,-10717.930799129324
3352,-5981.453823231722
3353,-7971.959056205508
3354,-29738.894928170375
3355,-4921.9607766619565
3356,-4509.176163766148
3357,-3930.8354800824013
3358,-7134.761167463403
3359,-28517.258367303853
3360,-1978.5452680235458
3361,-23780.42234951028
3362,-9760.94188574844
3363,-3223.7983562205427
3364,-15470.185554848977
3365,-10785.197065305634
3366,-8759.456624503388
3367,-16179.537401379503
3368,-4571.687357352279
3369,-1206.5374408733537
3370,-1239.2200396476562
3371,-3504.6786828054237
3372,-15236.640280318892
3373,-1708.2497409168407
3374,-14280.30932977538
3375,-2687.223734363022
3376,-7448.967984316566
3377,-19468.45144757207
3378,-13940.817542277518
3379,-17038.740282936673
3380,-7501.473294809702
3381,-3501.5347296897726
3382,-3290.6125635120115
3383,-870.7040867271894
3384,-19964.091267871874
3385,-21248.963059337766
3386,-9925.984799899492
3387,-6914.484632369167
3388,-21126.727300080824
3389,-17165.002568384232
3390,-7082.236854021985
3391,-30164.489217979943
3392,-10981.450313133186
3393,-6327.865684467334
3394,-3840.684628607616
3395,-7230.989909257106
3396,-12056.368507719255
3397,-7416.597221044137
3398,-2073.9331287268033
3399,-22765.578003753046
3400,-19470.115147697143
3401,-15216.866399291217
3402,-8489.08948538342
3403,-16622.59937781511
3404,-6859.676671425721
3405,-249.67971244239737
3406,-14912.23720220363
3407,757.7775302214568
3408,-690.0675680036884
3409,-7530.109720675528
3410,-12304.848030600684
3411,-6597.611718579609
3412,-16130.81647308939
3413,-5074.613097155706
3414,-16688.92244591832
3415,-4755.045446170347
3416,-5825.3264908152805
3417,-11565.060456916985
3418,-22807.426482391962
3419,-6977.930586311012
3420,-12466.431968088007
3421,-9586.69744808168
3422,-13126.997503871207
3423,-18464.445049599388
3424,-14948.59244223193
3425,-8535.380898820316
3426,-16129.329806919524
3427,-370.890857924404
3428,-3054.362758684981
3429,-1940.262168545139
3430,-16260.219331626182
3431,-11632.672092977638
3432,-18812.678304179615
3433,-23859.894812160786
3434,-3456.160415759944
3435,-10845.801624609736
3436,-1621.0311725078175
3437,-8328.087445936457
3438,-22196.296950681943
3439,-5166.2064948735315
3440,-22296.139971323184
3441,-4467.577264539376
3442,-9623.686130555461
3443,-4094.2280790273035
3444,-15014.789510409924
3445,-12380.872283335924
3446,-6200.680597026665
3447,-5581.036623222678
3448,-5966.398679290604
3449,-4019.994524043097
3450,-21038.91479824841
3451,-18266.31717140839
3452,-10401.363423021743
3453,-6991.352393061565
3454,-1765.3567049928108
3455,-2030.3685390409275
3456,-25320.003029792606
3457,-11026.755711211319
3458,-4742.692630089611
3459,-18072.758438626162
3460,-2629.9426397315046
3461,-18969.447938392135
3462,-11519.63373449969
3463,-12857.039695937487
3464,-94.7305248141869
3465,-12494.056475763355
3466,-5073.7248355649235
3467,-5182.098752476303
3468,-3013.641914373421
3469,-12857.530052595088
3470,-7355.050190448729
3471,-1666.6284628616863
3472,-6600.053849092645
3473,-1517.301106955712
3474,-29544.455361696248
3475,-7267.133007757052
3476,-6898.679757658631
3477,-2148.8643671737273
3478,-6642.152992554212
3479,-8057.14965701037
3480,-2122.6984885388997
3481,-15348.92653781511
3482,-8456.533940686759
3483,-14182.937422947667
3484,-8071.102993763474
3485,-4084.089290119258
3486,-6971.751969574985
3487,-3904.3923455672893
3488,-33733.156587785
3489,-4720.308020041343
3490,-7598.2340593801155
3491,-12257.16250768635
3492,-9690.294522889852
3493,-11502.103503539087
3494,-14931.17293033739
3495,-9201.685504304138
3496,-6365.930787386325
3497,-7024.878059861877
3498,-9630.1300149981
3499,-5387.062410162197
3500,-3717.0632880834455
3501,-12216.704491828059
3502,-2899.9276495905883
3503,-2179.511078211459
3504,-2765.1306089401373
3505,-8045.058867056295
3506,-10784.20349702408
3507,-8094.664858012466
3508,-9570.033868379061
3509,-8296.32445104514
3510,-7710.6009529145185
3511,-8148.456571996548
3512,-6198.979573631867
3513,-5850.265239798139
3514,-11164.999002208388
3515,-4097.787013812624
3516,-4976.910388080977
3517,-13203.582540134306
3518,-8699.805192225858
3519,-24325.54833094943
3520,-11583.658981265315
3521,-3270.785884886641
3522,-12985.463439906222
3523,-13719.224034930736
3524,-5527.776594297451
3525,-9922.396501203666
3526,-19900.19908654918
3527,-28126.995478043176
3528,-7931.884089149821
3529,-20707.79990815642
3530,-13575.413690109
3531,-15475.942295451812
3532,-26805.579391556148
3533,-8076.632777767467
3534,-11115.721578986911
3535,-3688.032154252071
3536,-5087.752896550092
3537,-25479.34715222145
3538,-8451.079697445453
3539,-22324.943679447613
3540,-8148.4771815172
3541,-7680.122616842415
3542,-22358.498707617167
3543,-8696.095843280698
3544,-5566.650882645306
3545,-12641.053937035975
3546,-10473.359332120624
3547,-8674.381836665008
3548,-10632.224423749634
3549,-451.2973790071959
3550,-2868.4108334550215
3551,-5548.507095836254
3552,-961.9775254360096
3553,-4747.815993789349
3554,-3778.667825146519
3555,-5433.117742853211
3556,-4624.448010485212
3557,-8454.763615477794
3558,-4924.200112478131
3559,-7171.933218879222
3560,-30948.39881787453
3561,-12812.356634513135
3562,-30305.405790331013
3563,-16582.94902843259
3564,-25512.030415079058
3565,-5627.774428388886
3566,-2797.804075251978
3567,-8077.527051520399
3568,-27304.661201570638
3569,-4441.553663202694
3570,-17589.31313920379
3571,-1279.7107389121788
3572,-9315.383082870916
3573,-17530.91766599983
3574,-7586.171966863162
3575,-15426.927853748568
3576,-10391.574239123092
3577,-6816.901228304411
3578,-10163.761459706036
3579,-11446.862214647053
3580,-3030.4309642505814
3581,-7933.465761095319
3582,-764.9879114578245
3583,-10138.892036774998
3584,-23492.44982882809
3585,-13233.31207112664
3586,-23124.638454633525
3587,-14815.437587942199
3588,-29623.299097984527
3589,-9033.36138732936
3590,-11635.148510697783
3591,-9122.8529097347
3592,-9665.191946422317
3593,-2433.1466733866246
3594,-11283.121034241793
3595,-860.8432528867808
3596,-7078.80461900641
3597,-126.69898181580224
3598,-5469.290070500227
3599,-17822.34324800637
3600,-22169.80393518562
3601,-9295.076984502533
3602,-23531.00311579026
3603,-3645.83076266739
3604,-18155.19215677742
3605,-11161.967907851007
3606,-7462.581014572514
3607,-1324.8942720699963
3608,-2173.6090790443923
3609,-11521.3003424386
3610,-15469.988354832753
3611,-5841.288421330551
3612,-4885.683457627774
3613,-17715.08426547786
3614,-3993.157513579157
3615,-890.2707378099757
3616,-29932.07646537026
3617,-1406.5225623548063
3618,-372.2821319275359
3619,-5279.070180705154
3620,-20878.483309246258
3621,-5822.874165171252
3622,-8121.040997976367
3623,-3083.8463225939495
3624,-15933.416160690726
3625,-5371.8416363008355
3626,-9465.736516824549
3627,-8016.407768833142
3628,-3004.571025867083
3629,-15918.064111334159
3630,-3882.6673947450695
3631,-8445.38285599659
3632,-9542.697226345268
3633,-14656.474737157285
3634,-12621.31570902206
3635,-17659.741671976317
3636,-7443.760953773242
3637,-15255.963467675901
3638,-15802.279427027164
3639,-28300.53775522329
3640,-1802.4460942494393
3641,-7536.261825241996
3642,-8383.786768062615
3643,-7708.8675872986205
3644,-7966.904479297901
3645,-12339.227481788263
3646,-6965.020464482396
3647,-2742.892777344332
3648,-8901.703820980756
3649,-14640.421289838154
3650,-4665.150912701912
3651,-9999.311031054953
3652,-15214.360112886307
3653,-6136.5572870808055
3654,-4779.784472106068
3655,-21305.266769360842
3656,-11509.652601414973
3657,-1043.432523564573
3658,-19260.498656047876
3659,-16763.335494180323
3660,-9350.199109335766
3661,-2298.5758270043
3662,-17310.697942028823
3663,-3246.9998662474845
3664,-11887.451756665203
3665,-12559.755498519182
3666,-5515.443257249351
3667,-247.10653356502849
3668,-19214.677683388927
3669,-2201.7501070042536
3670,-4519.489593397508
3671,-2195.220217279154
3672,-10557.870704188372
3673,-7448.114793095986
3674,-15246.79855296131
3675,-12767.332862357023
3676,-790.3314430007881
3677,-12960.038849122542
3678,-5835.112334692371
3679,-10845.649884625396
3680,-15403.78746779631
3681,-16912.608685813237
3682,-18862.47879212035
3683,-24529.00014861697
3684,-6973.517632167253
3685,-9863.893433486342
3686,-8333.549878457286
3687,-9659.55372866677
3688,-9819.669396781985
3689,-10984.641615676115
3690,-11202.730895462164
3691,-17039.838868703933
3692,-17191.71637680841
3693,-6335.55435897693
3694,-13074.745023862868
3695,-34930.685282746985
3696,-24306.973449757483
3697,-12483.22487080971
3698,-2862.693659063466
3699,-3633.432391491057
3700,-13488.796458771438
3701,-6290.480056637045
3702,-6330.7244966417575
3703,-15027.66410297273
3704,-6960.178145339654
3705,-13627.98485199735
3706,-12010.146931288557
3707,-896.610511618657
3708,-4830.534001983933
3709,-13999.7510854387
3710,-3097.4512825972383
3711,-22556.62264674924
3712,-7570.7183029526195
3713,-16392.835654298357
3714,-20717.18073994896
3715,-16622.06528917112
3716,-5104.993224562511
3717,-12718.718754336192
3718,-7594.784693920239
3719,-13659.496296602498
3720,-5757.712999986243
3721,-7965.423122221894
3722,-9169.180424791153
3723,-7618.494241405759
3724,-8975.36928778509
3725,-8857.117042755113
3726,-483.63089244079123
3727,-11352.651363246292
3728,-21761.859668861376
3729,-9476.799747824234
3730,-3079.1773802190987
3731,-8677.903925246368
3732,-28664.055536775955
3733,-5924.47081951524
3734,-27847.834871076182
3735,-20369.48984171028
3736,-10636.819137922259
3737,-5150.710561605198
3738,-13343.691369908154
3739,-3498.856840773843
3740,-2703.878792773013
3741,-11241.622416944061
3742,-13603.109099794186
3743,-27405.505080462277
3744,-8927.46533086151
3745,-4640.663449256969
3746,-28331.06150516745
3747,-7748.920089651994
3748,-2889.7060531509114
3749,-7097.417814652315
3750,-11882.475354096185
3751,-15840.176250337643
3752,-5226.787214556546
3753,-11431.744071994508
3754,-7231.762403689872
3755,-22523.030596490727
3756,-26177.87935195536
3757,-4339.6977814408465
3758,-10181.77130277304
3759,-6476.933298884683
3760,-15892.423147135258
3761,-13329.431546978552
3762,-6800.238729334072
3763,-11902.48846855246
3764,-10509.173973640327
3765,-7313.885811147818
3766,-3818.696535311913
3767,-8272.240398639487
3768,-6328.7048037155355
3769,-22132.297516277322
3770,-11257.393383684723
3771,-4774.22141618788
3772,-9722.3442472292
3773,-11633.644614300643
3774,-3694.7171550742746
3775,-5512.765781918935
3776,-16272.158657284243
3777,-4920.212929434588
3778,-6404.346792102842
3779,-9087.944882587279
3780,-15335.260107620745
3781,-4199.129325618073
3782,-5852.796469506178
3783,-7293.8966225274935
3784,-6051.893689320876
3785,-1916.814488596637
3786,-10603.919372707416
3787,-11698.523352724542
3788,-4787.635440353476
3789,-9624.752062977277
3790,-14185.092312995073
3791,-36655.527013555344
3792,-4772.494238030587
3793,-15612.280572460573
3794,-1768.1542779536755
3795,-2449.272585677097
3796,-4095.9817296085753
3797,-20507.165872642512
3798,-5652.052482939862
3799,-18980.225892973398
3800,-13630.838908364582
3801,-3391.4787492757064
3802,-16392.7956308241
3803,-12221.133936577586
3804,-12906.255887959178
3805,-27095.05375301939
3806,-5234.487892393979
3807,-1189.5467276943928
3808,-13341.631511357533
3809,-1935.0281593266084
3810,-32180.087430028063
3811,-5162.755872550655
3812,-4321.969528376936
3813,-13419.902510005139
3814,-34327.467955262495
3815,-893.4152566622384
3816,-12083.782005271532
3817,-3601.126486169745
3818,-7377.523709696464
